~id,~label,name:String,email:String,phone:String,age:Int,location:String,occupation:String,risk_score:Double,signup_date:Date
U0001,user,Wayne Powell,wayne.powell@bryan.info,+1-548-819-7499,67,Boston,Software Engineer,63.4,2024-05-14T15:22:44Z
U0002,user,Cody Cox,cody.cox@garrett-wolf.com,+1-598-524-6909,24,Philadelphia,Software Engineer,94.3,2024-05-20T15:22:44Z
U0003,user,Carlos Roberts,carlos.roberts@washington.com,+1-901-589-3777,26,Seattle,Project Manager,26.8,2025-03-22T15:22:44Z
U0004,user,Emily Smith,emily.smith@davis-gay.com,+1-537-650-6484,45,Dallas,Project Manager,32.1,2023-09-07T15:22:44Z
U0005,user,Bruce Collier,bruce.collier@cantu-carter.com,+1-404-806-9939,29,Los Angeles,Engineer,46.2,2023-08-24T15:22:44Z
U0006,user,John Kennedy,john.kennedy@arnold-reyes.org,+1-610-747-9300,62,Louisville,Chef,3.7,2024-08-15T15:22:44Z
U0007,user,Sherry Shields,sherry.shields@barton-dickerson.com,+1-990-895-9199,27,Detroit,Software Engineer,48.3,2024-10-20T15:22:44Z
U0008,user,Katie Hoover,katie.hoover@barber-monroe.org,+1-317-223-6620,59,San Antonio,Dentist,80.0,2024-12-12T15:22:44Z
U0009,user,Mrs. Brittany Ryan MD,mrs..brittany.ryan.md@hines.com,+1-204-921-4519,31,Seattle,Consultant,70.4,2025-06-15T15:22:44Z
U0010,user,Mrs. Janet Chase,mrs..janet.chase@williams-garner.biz,+1-512-319-3999,41,San Jose,Lawyer,38.8,2023-12-17T15:22:44Z
U0011,user,Matthew Hoover,matthew.hoover@simpson.com,+1-495-343-4065,38,Milwaukee,Plumber,5.4,2024-08-16T15:22:44Z
U0012,user,Leslie Kane,leslie.kane@garcia-lozano.com,+1-242-978-8231,52,Columbus,Web Developer,10.2,2023-10-19T15:22:44Z
U0013,user,Jennifer Pena,jennifer.pena@jones.com,+1-411-411-1972,54,Detroit,Chef,28.1,2024-02-14T15:22:44Z
U0014,user,Jennifer Miller,jennifer.miller@phelps-villarreal.biz,+1-968-621-1971,35,Dallas,Architect,86.6,2024-12-06T15:22:44Z
U0015,user,Lori Clay,lori.clay@brennan-johnson.com,+1-584-662-2237,58,Philadelphia,HR Specialist,51.6,2024-11-07T15:22:44Z
U0016,user,Michael Mitchell,michael.mitchell@francis.com,+1-545-760-3139,54,Miami,Data Scientist,89.4,2025-06-30T15:22:44Z
U0017,user,Michele Garcia,michele.garcia@benson.com,+1-840-512-4836,45,Philadelphia,Architect,9.5,2025-01-12T15:22:44Z
U0018,user,Anthony Howard,anthony.howard@thomas-schmidt.org,+1-576-506-3246,42,Dallas,Mechanic,99.3,2025-03-25T15:22:44Z
U0019,user,Catherine Thompson,catherine.thompson@pitts.org,+1-288-302-3293,66,San Diego,Electrician,73.0,2024-08-24T15:22:44Z
U0020,user,Joel King,joel.king@estrada-nolan.info,+1-212-569-6185,26,Las Vegas,Electrician,42.1,2024-02-06T15:22:44Z
U0021,user,Megan Moore,megan.moore@landry-huerta.com,+1-359-749-6353,43,Phoenix,Project Manager,69.9,2024-12-17T15:22:44Z
U0022,user,Jessica Wright,jessica.wright@gonzalez-cruz.info,+1-212-924-3248,62,New York,Accountant,49.6,2024-08-28T15:22:44Z
U0023,user,James Howard,james.howard@haney-phillips.biz,+1-305-787-2889,32,Colorado Springs,Software Engineer,4.4,2025-08-06T15:22:44Z
U0024,user,Keith Jennings,keith.jennings@beltran.com,+1-937-527-5444,70,Phoenix,Electrician,37.3,2024-03-22T15:22:44Z
U0025,user,Crystal Pham,crystal.pham@fields.com,+1-511-957-4974,47,Portland,Electrician,97.2,2025-01-30T15:22:44Z
U0026,user,Michelle Hopkins,michelle.hopkins@fuller.com,+1-295-244-4792,51,Louisville,Architect,89.6,2024-05-06T15:22:44Z
U0027,user,Jeremiah Riley,jeremiah.riley@anderson.biz,+1-323-748-6870,67,Columbus,Real Estate Agent,30.8,2024-11-20T15:22:44Z
U0028,user,Carlos Ryan,carlos.ryan@schmidt-mcintyre.com,+1-343-324-1195,21,Charlotte,Teacher,19.8,2024-07-04T15:22:44Z
U0029,user,Roger Olson,roger.olson@francis-morgan.com,+1-672-251-3752,54,Baltimore,Engineer,39.5,2025-07-19T15:22:44Z
U0030,user,Bernard Webster,bernard.webster@dalton.biz,+1-763-690-1999,23,Seattle,HR Specialist,13.7,2025-01-26T15:22:44Z
U0031,user,Regina Diaz,regina.diaz@smith-herrera.info,+1-476-384-1427,38,Charlotte,Software Engineer,89.6,2024-11-04T15:22:44Z
U0032,user,Paul Baker,paul.baker@carson-bentley.com,+1-805-228-6761,54,San Jose,Electrician,94.8,2024-04-01T15:22:44Z
U0033,user,Kaitlyn Harvey,kaitlyn.harvey@murphy.info,+1-582-921-7481,55,San Antonio,Data Scientist,30.2,2025-04-01T15:22:44Z
U0034,user,Elizabeth Ortiz,elizabeth.ortiz@williams.com,+1-306-708-3304,39,Phoenix,Police Officer,34.7,2024-09-25T15:22:44Z
U0035,user,Audrey Young DDS,audrey.young.dds@chavez-santiago.net,+1-595-648-7875,28,Louisville,Doctor,88.2,2024-08-24T15:22:44Z
U0036,user,Patrick Moore,patrick.moore@pena-bass.org,+1-374-584-3636,64,Phoenix,Chef,94.2,2025-05-15T15:22:44Z
U0037,user,Trevor Johnson,trevor.johnson@robinson-wallace.com,+1-443-298-1813,43,Miami,Teacher,5.5,2025-08-15T15:22:44Z
U0038,user,Ariana Jennings,ariana.jennings@winters.com,+1-876-471-2493,59,Las Vegas,Accountant,37.1,2024-07-24T15:22:44Z
U0039,user,Bryan Charles,bryan.charles@davis-lewis.org,+1-803-432-1999,42,Raleigh,Web Developer,96.6,2023-09-15T15:22:44Z
U0040,user,Amber Cook,amber.cook@buchanan.com,+1-268-289-7358,53,Memphis,Chef,32.6,2024-11-09T15:22:44Z
U0041,user,Kristen Willis,kristen.willis@murphy.org,+1-238-376-5512,43,San Jose,Plumber,60.9,2023-09-08T15:22:44Z
U0042,user,Scott Thomas,scott.thomas@fernandez.com,+1-961-653-6257,35,Louisville,Plumber,64.6,2025-02-07T15:22:44Z
U0043,user,Allison Smith,allison.smith@chapman.com,+1-577-675-9275,43,San Diego,Dentist,3.1,2024-08-02T15:22:44Z
U0044,user,Cameron Fisher,cameron.fisher@reese.info,+1-335-862-3837,56,New York,Police Officer,25.2,2024-10-10T15:22:44Z
U0045,user,Kayla Rodriguez,kayla.rodriguez@walker.net,+1-467-871-5895,30,San Jose,Lawyer,76.5,2025-06-21T15:22:44Z
U0046,user,Mason Johnson,mason.johnson@boone-simmons.com,+1-385-500-2599,48,Dallas,Engineer,25.9,2024-01-24T15:22:44Z
U0047,user,Theodore Jones Jr.,theodore.jones.jr.@hernandez.org,+1-835-272-8736,30,Colorado Springs,Sales Representative,86.7,2024-07-24T15:22:44Z
U0048,user,Erika Vang,erika.vang@phillips.com,+1-662-480-4430,66,Austin,Electrician,76.4,2024-04-04T15:22:44Z
U0049,user,Marilyn Mack,marilyn.mack@glenn.biz,+1-666-945-9524,56,Raleigh,Data Scientist,43.4,2023-09-15T15:22:44Z
U0050,user,Jesse Perry,jesse.perry@edwards.com,+1-589-326-9966,34,Kansas City,Architect,15.3,2023-09-07T15:22:44Z
U0051,user,Christian Leblanc,christian.leblanc@davis.com,+1-904-692-6416,33,New York,Software Engineer,67.2,2025-04-27T15:22:44Z
U0052,user,Patrick Watson,patrick.watson@hawkins.net,+1-950-295-7105,70,Nashville,Accountant,11.4,2024-07-05T15:22:44Z
U0053,user,Meagan Jenkins,meagan.jenkins@pugh.com,+1-870-521-1202,63,Raleigh,Consultant,74.4,2024-01-18T15:22:44Z
U0054,user,Lindsay Bell,lindsay.bell@romero.com,+1-707-369-2226,66,Miami,Data Scientist,24.1,2024-11-07T15:22:44Z
U0055,user,Justin Wilson,justin.wilson@andrews-aguirre.net,+1-710-657-6178,25,Miami,Engineer,65.3,2025-05-05T15:22:44Z
U0056,user,Sabrina Austin,sabrina.austin@hawkins.com,+1-316-299-4633,18,Nashville,Construction Manager,83.0,2024-10-24T15:22:44Z
U0057,user,Donald Farmer,donald.farmer@bell-white.com,+1-975-624-1761,58,San Diego,Consultant,89.2,2024-05-07T15:22:44Z
U0058,user,Jennifer Thomas,jennifer.thomas@bonilla.biz,+1-663-336-3263,44,Colorado Springs,Project Manager,84.3,2024-02-05T15:22:44Z
U0059,user,Glen Wood,glen.wood@nguyen.com,+1-927-627-9747,36,Baltimore,Software Engineer,52.3,2025-07-24T15:22:44Z
U0060,user,Paul Williams,paul.williams@nelson.biz,+1-663-304-4675,65,Las Vegas,Police Officer,51.1,2023-09-06T15:22:44Z
U0061,user,Mr. Donald Fischer,mr..donald.fischer@reed.com,+1-802-759-4218,67,Fort Worth,Project Manager,44.9,2023-09-19T15:22:44Z
U0062,user,Leslie Rose,leslie.rose@williams-foster.org,+1-530-811-1833,67,Washington,Doctor,79.0,2024-02-02T15:22:44Z
U0063,user,Dan Dougherty,dan.dougherty@duran.com,+1-833-743-8780,53,New York,Sales Representative,66.9,2024-05-19T15:22:44Z
U0064,user,Jonathan Jordan,jonathan.jordan@james.com,+1-867-397-6248,50,Philadelphia,Sales Representative,16.7,2024-02-15T15:22:44Z
U0065,user,Sandra Drake,sandra.drake@sanders.com,+1-433-464-7678,42,Milwaukee,Mechanic,40.4,2024-09-29T15:22:44Z
U0066,user,Joe Miller,joe.miller@johnston-berry.biz,+1-714-308-5748,68,Washington,Plumber,8.7,2024-05-27T15:22:44Z
U0067,user,Jared Burch,jared.burch@solis.info,+1-388-426-5140,30,San Diego,Accountant,67.1,2024-01-16T15:22:44Z
U0068,user,Tamara Davis,tamara.davis@sanchez.biz,+1-779-780-6971,69,Boston,Web Developer,16.9,2024-10-02T15:22:44Z
U0069,user,Jennifer Collins,jennifer.collins@walker-maxwell.com,+1-821-283-5597,70,Dallas,Chef,19.6,2023-11-16T15:22:44Z
U0070,user,Ashley Hicks,ashley.hicks@bell-mullen.com,+1-713-722-2483,43,Portland,Lawyer,1.1,2024-12-17T15:22:44Z
U0071,user,Charles Gonzalez,charles.gonzalez@hernandez.info,+1-569-597-8695,47,Chicago,Marketing Manager,98.1,2024-09-21T15:22:44Z
U0072,user,Justin Riley,justin.riley@glass.org,+1-553-698-8898,56,New York,Lawyer,88.2,2024-05-25T15:22:44Z
U0073,user,Wesley Stewart,wesley.stewart@jones-ramos.com,+1-365-862-7732,19,San Francisco,Marketing Manager,12.8,2023-12-21T15:22:44Z
U0074,user,Leslie Bell,leslie.bell@collins.com,+1-490-287-4548,46,Kansas City,Doctor,17.1,2024-06-24T15:22:44Z
U0075,user,Ronald Jones,ronald.jones@gilbert.biz,+1-829-814-1639,68,Colorado Springs,Consultant,11.8,2024-04-12T15:22:44Z
U0076,user,Julian Conner,julian.conner@cole.com,+1-590-558-2600,45,Dallas,Graphic Designer,47.7,2024-12-23T15:22:44Z
U0077,user,John Hernandez,john.hernandez@hayes.com,+1-772-768-8925,34,Washington,Electrician,34.4,2023-08-27T15:22:44Z
U0078,user,Carrie Wright,carrie.wright@ritter-warren.org,+1-293-348-8727,56,Baltimore,Financial Analyst,6.4,2025-01-03T15:22:44Z
U0079,user,Jake Campbell,jake.campbell@schroeder-shelton.com,+1-872-730-5685,30,Chicago,Plumber,51.1,2023-09-03T15:22:44Z
U0080,user,Maria Jones,maria.jones@grant.com,+1-399-665-7618,54,New York,Graphic Designer,17.5,2024-03-18T15:22:44Z
U0081,user,Samuel Brandt,samuel.brandt@marks.com,+1-800-228-8896,25,Indianapolis,Financial Analyst,38.3,2025-01-05T15:22:44Z
U0082,user,Emily Douglas,emily.douglas@myers.com,+1-562-423-5408,29,Fort Worth,Doctor,73.7,2024-12-21T15:22:44Z
U0083,user,Maria Murphy,maria.murphy@santiago.net,+1-968-790-3101,21,Raleigh,Web Developer,47.8,2024-02-12T15:22:44Z
U0084,user,Michael Romero,michael.romero@cox.com,+1-970-581-6981,43,Seattle,Real Estate Agent,18.0,2025-04-06T15:22:44Z
U0085,user,Ralph Lee,ralph.lee@moore.com,+1-962-542-5256,41,Portland,Chef,55.7,2024-11-28T15:22:44Z
U0086,user,Kimberly Rodgers,kimberly.rodgers@johnson.com,+1-551-433-6136,38,Denver,Architect,26.7,2023-10-28T15:22:44Z
U0087,user,Brittany White,brittany.white@wise.info,+1-285-306-5300,57,San Jose,Financial Analyst,65.5,2024-07-15T15:22:44Z
U0088,user,Jackson Ball,jackson.ball@bishop-goodwin.info,+1-746-517-6688,48,Charlotte,Financial Analyst,44.2,2024-08-09T15:22:44Z
U0089,user,David Sheppard,david.sheppard@mckee-lee.org,+1-587-425-5308,23,Baltimore,Mechanic,24.0,2023-11-30T15:22:44Z
U0090,user,Mrs. Diane Reyes,mrs..diane.reyes@barnes.org,+1-438-292-3468,18,Miami,Nurse,34.2,2024-10-03T15:22:44Z
U0091,user,David Davidson,david.davidson@spencer-garcia.net,+1-653-453-1549,30,Atlanta,Engineer,77.1,2024-03-03T15:22:44Z
U0092,user,Dominique Hines,dominique.hines@cole-palmer.biz,+1-371-482-2960,43,San Francisco,Software Engineer,96.9,2024-01-01T15:22:44Z
U0093,user,Thomas Velasquez,thomas.velasquez@arias-perry.biz,+1-337-456-1646,49,Milwaukee,Chef,29.5,2023-09-05T15:22:44Z
U0094,user,Cynthia Vang,cynthia.vang@walker-flores.com,+1-389-219-6965,67,San Francisco,Data Scientist,72.1,2023-10-14T15:22:44Z
U0095,user,Marie Moody,marie.moody@johnson.com,+1-820-935-2161,18,Columbus,Mechanic,49.1,2025-05-29T15:22:44Z
U0096,user,Julie Gilbert,julie.gilbert@smith.com,+1-840-383-7802,65,San Antonio,Consultant,63.9,2024-08-17T15:22:44Z
U0097,user,Monica Rose,monica.rose@parsons.com,+1-491-810-1267,51,Dallas,Project Manager,0.7,2025-01-03T15:22:44Z
U0098,user,David Fowler,david.fowler@bryant.org,+1-462-507-2505,54,Memphis,Electrician,91.8,2025-05-31T15:22:44Z
U0099,user,Lynn Andrews,lynn.andrews@thomas.com,+1-323-988-4714,65,New York,Mechanic,77.7,2024-07-23T15:22:44Z
U0100,user,Chelsea Barnett,chelsea.barnett@villegas.net,+1-351-335-6507,23,Kansas City,Electrician,74.5,2024-02-04T15:22:44Z
U0101,user,Katie Smith,katie.smith@williams-hughes.com,+1-552-808-1396,67,Washington,Accountant,98.8,2023-11-26T15:22:44Z
U0102,user,Alan Kramer,alan.kramer@allen-sandoval.com,+1-694-837-3315,62,Los Angeles,HR Specialist,58.3,2023-10-09T15:22:44Z
U0103,user,Nancy Cook,nancy.cook@bell.com,+1-310-219-5792,59,Las Vegas,Police Officer,98.0,2024-03-16T15:22:44Z
U0104,user,Melinda Pollard,melinda.pollard@welch-cain.com,+1-430-355-6599,43,Dallas,Financial Analyst,73.0,2024-03-03T15:22:44Z
U0105,user,Terri Johnson,terri.johnson@williams.com,+1-349-944-1483,66,Boston,Web Developer,96.1,2024-10-12T15:22:44Z
U0106,user,Eric Sanders,eric.sanders@kennedy.com,+1-680-929-7126,29,Las Vegas,Doctor,47.4,2025-03-04T15:22:44Z
U0107,user,Richard Glenn,richard.glenn@nelson-lloyd.biz,+1-532-668-5043,45,Memphis,Consultant,4.2,2024-07-25T15:22:44Z
U0108,user,Natalie Kline,natalie.kline@morgan-lopez.info,+1-861-662-2481,64,Colorado Springs,Sales Representative,18.0,2023-12-28T15:22:44Z
U0109,user,Robert Adams,robert.adams@acosta.biz,+1-736-924-7292,64,Colorado Springs,Plumber,95.0,2024-07-27T15:22:44Z
U0110,user,Samantha Gardner,samantha.gardner@garcia-murphy.com,+1-385-320-3155,30,New York,Plumber,76.5,2025-08-06T15:22:44Z
U0111,user,Lance Simmons,lance.simmons@wallace.com,+1-256-868-6718,20,San Jose,Marketing Manager,66.7,2023-12-10T15:22:44Z
U0112,user,Jessica Fowler,jessica.fowler@jones.biz,+1-236-295-5903,38,Portland,HR Specialist,82.0,2024-06-07T15:22:44Z
U0113,user,Robert Shelton,robert.shelton@thomas.info,+1-708-732-9154,49,Jacksonville,Plumber,23.3,2024-10-25T15:22:44Z
U0114,user,Austin Osborne,austin.osborne@cox-herring.com,+1-546-888-8849,48,Chicago,Mechanic,13.6,2025-03-12T15:22:44Z
U0115,user,Meghan Rush,meghan.rush@wallace-jones.com,+1-841-747-3719,54,Las Vegas,Accountant,59.5,2024-10-07T15:22:44Z
U0116,user,Jennifer Banks,jennifer.banks@horne.com,+1-346-987-2609,70,Raleigh,Dentist,99.3,2025-01-20T15:22:44Z
U0117,user,Mr. Justin Green III,mr..justin.green.iii@lewis-carr.info,+1-479-352-3580,35,San Diego,Software Engineer,95.8,2024-01-23T15:22:44Z
U0118,user,Chad Jones,chad.jones@roach.com,+1-255-288-7987,43,Jacksonville,Architect,59.6,2023-12-21T15:22:44Z
U0119,user,Tracy Downs,tracy.downs@reed.com,+1-538-532-8426,49,Los Angeles,Financial Analyst,47.5,2024-08-24T15:22:44Z
U0120,user,Michelle Ho,michelle.ho@thompson.com,+1-761-362-8903,42,Phoenix,Data Scientist,20.8,2023-09-08T15:22:44Z
U0121,user,Cynthia Snyder,cynthia.snyder@spencer-wood.net,+1-810-989-7208,38,Miami,Mechanic,66.0,2025-05-18T15:22:44Z
U0122,user,Stephen Jones,stephen.jones@key-higgins.net,+1-895-511-8122,63,Detroit,Financial Analyst,58.3,2023-12-01T15:22:44Z
U0123,user,Jason Andrews,jason.andrews@compton.com,+1-568-627-3527,36,Dallas,Teacher,1.2,2023-10-25T15:22:44Z
U0124,user,Michael Cooper,michael.cooper@bowman.biz,+1-912-818-7974,57,Jacksonville,Real Estate Agent,50.9,2024-01-31T15:22:44Z
U0125,user,Sheena Guerra,sheena.guerra@hernandez.com,+1-279-900-9834,69,Washington,Plumber,5.3,2024-09-01T15:22:44Z
U0126,user,Todd Jacobson,todd.jacobson@king.net,+1-684-792-3770,54,Houston,Dentist,99.0,2023-11-18T15:22:44Z
U0127,user,Mario Mendez,mario.mendez@shaw.org,+1-956-354-8317,41,Jacksonville,Graphic Designer,78.3,2024-12-20T15:22:44Z
U0128,user,Brittany Hopkins,brittany.hopkins@winters.com,+1-922-599-8775,34,San Jose,Lawyer,87.0,2025-08-06T15:22:44Z
U0129,user,Alyssa Williams,alyssa.williams@wise.org,+1-893-906-3947,38,New York,Dentist,0.8,2025-06-10T15:22:44Z
U0130,user,Mark Jimenez,mark.jimenez@gardner.com,+1-288-819-3128,42,Jacksonville,Sales Representative,69.6,2024-12-02T15:22:44Z
U0131,user,Melinda Evans,melinda.evans@barker.info,+1-591-597-6450,21,Indianapolis,Graphic Designer,17.8,2025-06-08T15:22:44Z
U0132,user,John Peterson,john.peterson@edwards.com,+1-272-785-5105,67,Milwaukee,Software Engineer,89.7,2025-03-19T15:22:44Z
U0133,user,Shannon Hester,shannon.hester@hodges.net,+1-748-567-6463,61,Washington,HR Specialist,5.5,2023-10-26T15:22:44Z
U0134,user,David Martinez,david.martinez@wright-davis.com,+1-698-286-8175,65,Fort Worth,Teacher,3.6,2025-07-24T15:22:44Z
U0135,user,Sharon Barnes,sharon.barnes@li.com,+1-749-352-4817,22,Chicago,Engineer,14.2,2023-10-19T15:22:44Z
U0136,user,Christopher Ferrell,christopher.ferrell@jimenez-parker.com,+1-308-316-9145,56,Charlotte,Financial Analyst,80.4,2024-06-08T15:22:44Z
U0137,user,James Bryant,james.bryant@lewis.com,+1-766-368-8187,33,Chicago,Teacher,10.0,2023-11-10T15:22:44Z
U0138,user,Johnny Khan,johnny.khan@chambers.com,+1-621-444-3859,57,Chicago,Plumber,18.0,2024-03-25T15:22:44Z
U0139,user,Stephen Luna,stephen.luna@diaz-morales.org,+1-542-831-8424,20,San Antonio,Engineer,5.2,2024-02-15T15:22:44Z
U0140,user,Heidi Roberts,heidi.roberts@gordon-duran.com,+1-404-584-4615,22,Kansas City,Electrician,48.4,2024-05-29T15:22:44Z
U0141,user,Lisa Carr,lisa.carr@hester.com,+1-978-551-4602,36,Austin,Mechanic,95.3,2025-02-25T15:22:44Z
U0142,user,Gina Mcmillan,gina.mcmillan@gonzalez.biz,+1-805-352-1083,44,Chicago,Marketing Manager,99.1,2024-03-20T15:22:44Z
U0143,user,Amber Taylor,amber.taylor@brock-stone.com,+1-909-949-7662,31,Dallas,Construction Manager,29.6,2023-10-25T15:22:44Z
U0144,user,Kaylee Murphy,kaylee.murphy@flores.com,+1-543-953-1898,50,Portland,Marketing Manager,11.1,2024-08-09T15:22:44Z
U0145,user,Katie Hicks,katie.hicks@erickson-evans.com,+1-979-430-6250,40,Seattle,Lawyer,68.0,2024-11-08T15:22:44Z
U0146,user,Michael Whitney,michael.whitney@parker.com,+1-662-835-7031,69,Phoenix,Nurse,89.2,2024-05-07T15:22:44Z
U0147,user,Deborah Rios,deborah.rios@lane.com,+1-409-733-1371,36,Louisville,Dentist,54.1,2025-04-05T15:22:44Z
U0148,user,Michelle Hampton,michelle.hampton@hernandez-becker.com,+1-780-335-6021,28,Indianapolis,Police Officer,48.4,2024-10-27T15:22:44Z
U0149,user,Melody Lee,melody.lee@edwards-hernandez.com,+1-924-235-6192,40,San Jose,Construction Manager,44.8,2025-03-05T15:22:44Z
U0150,user,Reginald Knapp,reginald.knapp@luna.net,+1-315-949-8847,20,Dallas,Dentist,55.1,2024-10-07T15:22:44Z
U0151,user,Matthew Fox,matthew.fox@frye-stevens.net,+1-985-484-4206,19,Philadelphia,Chef,84.9,2023-09-25T15:22:44Z
U0152,user,Hector Ingram,hector.ingram@becker.info,+1-774-289-4533,64,Milwaukee,Engineer,99.3,2024-05-22T15:22:44Z
U0153,user,David Grant,david.grant@david.com,+1-686-737-6495,22,Las Vegas,Financial Analyst,0.7,2023-11-03T15:22:44Z
U0154,user,Melissa Burns,melissa.burns@bailey-peck.com,+1-322-983-5541,49,Phoenix,Plumber,74.6,2024-01-01T15:22:44Z
U0155,user,Kenneth Daniels,kenneth.daniels@cardenas-blevins.com,+1-672-909-3219,40,Austin,Marketing Manager,27.3,2024-06-15T15:22:44Z
U0156,user,Dwayne Klein,dwayne.klein@bradshaw-douglas.info,+1-901-508-5447,61,Portland,Sales Representative,53.4,2024-08-23T15:22:44Z
U0157,user,Ronald Nelson,ronald.nelson@horton.org,+1-907-571-3277,70,Milwaukee,Plumber,52.3,2024-09-02T15:22:44Z
U0158,user,Anthony Stein,anthony.stein@little.com,+1-875-725-1971,48,San Diego,Graphic Designer,4.3,2024-10-14T15:22:44Z
U0159,user,Mitchell Garcia,mitchell.garcia@smith.com,+1-750-204-2616,31,Colorado Springs,Architect,47.5,2023-09-04T15:22:44Z
U0160,user,Timothy Johns,timothy.johns@santos-avila.com,+1-594-490-8486,56,Washington,Dentist,97.6,2024-05-21T15:22:44Z
U0161,user,Matthew Velez,matthew.velez@pearson.net,+1-890-703-2723,43,Milwaukee,Lawyer,65.9,2025-05-23T15:22:44Z
U0162,user,Sarah Johnson,sarah.johnson@butler.com,+1-859-609-6834,48,Memphis,Doctor,51.1,2025-03-21T15:22:44Z
U0163,user,Jennifer Simpson DVM,jennifer.simpson.dvm@mcdowell-smith.org,+1-406-500-9157,49,Colorado Springs,Graphic Designer,54.2,2024-02-12T15:22:44Z
U0164,user,Tanya Rogers,tanya.rogers@hays-daniels.info,+1-681-687-3560,50,Houston,HR Specialist,26.3,2023-12-22T15:22:44Z
U0165,user,Brandi Gordon,brandi.gordon@lee-rodriguez.com,+1-286-904-2073,37,San Diego,Data Scientist,17.0,2024-02-14T15:22:44Z
U0166,user,Mariah Higgins,mariah.higgins@doyle.org,+1-471-248-5871,54,Memphis,Police Officer,62.5,2025-05-16T15:22:44Z
U0167,user,Cheryl Carr,cheryl.carr@prince.com,+1-790-711-4489,60,Atlanta,Graphic Designer,93.7,2024-02-20T15:22:44Z
U0168,user,Brandon Holden,brandon.holden@morris-wright.com,+1-646-632-1606,30,Austin,Graphic Designer,13.6,2024-11-27T15:22:44Z
U0169,user,Jeremy Adams,jeremy.adams@turner-sharp.com,+1-954-599-4865,45,Columbus,Teacher,10.7,2025-01-11T15:22:44Z
U0170,user,Ian Young,ian.young@wilson.net,+1-255-907-4926,34,Las Vegas,Project Manager,63.9,2023-09-01T15:22:44Z
U0171,user,Stacy Carrillo,stacy.carrillo@wilson.org,+1-234-480-2312,70,Miami,Doctor,73.7,2024-09-12T15:22:44Z
U0172,user,Tyler Mendoza,tyler.mendoza@adkins-obrien.biz,+1-864-981-3131,56,Louisville,Data Scientist,45.1,2025-04-04T15:22:44Z
U0173,user,Susan Todd,susan.todd@petersen.org,+1-784-429-1339,19,Charlotte,Financial Analyst,97.4,2025-01-27T15:22:44Z
U0174,user,Angela Griffin,angela.griffin@cox.net,+1-738-645-8433,70,Miami,Sales Representative,22.4,2025-01-22T15:22:44Z
U0175,user,Christina Herrera,christina.herrera@murphy.info,+1-336-531-7513,61,Columbus,Architect,38.3,2024-06-11T15:22:44Z
U0176,user,Daniel Aguilar,daniel.aguilar@nolan.com,+1-679-335-2468,38,Raleigh,Web Developer,14.2,2025-04-21T15:22:44Z
U0177,user,Jose Bryant,jose.bryant@hansen.com,+1-367-922-8653,45,San Diego,Doctor,4.1,2024-08-18T15:22:44Z
U0178,user,Jennifer Velasquez,jennifer.velasquez@robinson.com,+1-664-843-5412,56,New York,Data Scientist,97.0,2023-10-17T15:22:44Z
U0179,user,Amy Shannon,amy.shannon@johnson-ortiz.com,+1-608-291-1336,31,Austin,HR Specialist,77.9,2024-10-31T15:22:44Z
U0180,user,Veronica Brewer,veronica.brewer@brooks-vance.info,+1-656-597-8805,35,Baltimore,Financial Analyst,75.6,2024-08-06T15:22:44Z
U0181,user,Susan Bennett,susan.bennett@brandt.com,+1-246-725-2763,50,Baltimore,Web Developer,9.4,2023-10-12T15:22:44Z
U0182,user,Willie Long,willie.long@luna.com,+1-308-644-9755,19,New York,HR Specialist,11.7,2025-02-24T15:22:44Z
U0183,user,Veronica Ford,veronica.ford@stephens.com,+1-348-865-4961,45,Fort Worth,Financial Analyst,30.1,2024-05-01T15:22:44Z
U0184,user,Christopher Lopez,christopher.lopez@cannon.org,+1-642-625-9121,65,Denver,Marketing Manager,48.7,2024-04-08T15:22:44Z
U0185,user,Stacey Smith,stacey.smith@jones.com,+1-365-494-4149,48,Detroit,Real Estate Agent,23.2,2025-01-06T15:22:44Z
U0186,user,Michael Brennan,michael.brennan@yang.info,+1-565-893-3598,29,Colorado Springs,Marketing Manager,80.7,2024-09-07T15:22:44Z
U0187,user,Daniel Shields,daniel.shields@taylor.com,+1-307-371-2934,31,Portland,Accountant,72.8,2023-08-24T15:22:44Z
U0188,user,Monique Flores,monique.flores@barton.com,+1-972-624-6908,58,San Francisco,Teacher,75.3,2024-02-23T15:22:44Z
U0189,user,Ms. Jennifer Hill,ms..jennifer.hill@fry.biz,+1-930-876-9516,36,Louisville,HR Specialist,88.6,2023-09-01T15:22:44Z
U0190,user,Amber Cooper,amber.cooper@powers.biz,+1-542-599-3064,51,Denver,Nurse,9.3,2024-01-31T15:22:44Z
U0191,user,Elijah White,elijah.white@wells.com,+1-954-205-8424,39,San Francisco,Engineer,98.9,2024-01-17T15:22:44Z
U0192,user,Suzanne Hart,suzanne.hart@grant-anderson.com,+1-350-928-7974,44,Philadelphia,Financial Analyst,6.2,2025-04-07T15:22:44Z
U0193,user,Gary Miller,gary.miller@boone-davis.com,+1-696-928-8499,26,Colorado Springs,Lawyer,11.8,2025-01-13T15:22:44Z
U0194,user,James Jacobs,james.jacobs@russo.org,+1-512-490-4532,29,Miami,Software Engineer,12.2,2024-08-26T15:22:44Z
U0195,user,Kristin Mendoza,kristin.mendoza@turner-stout.com,+1-547-753-1750,60,Milwaukee,Engineer,27.7,2025-05-20T15:22:44Z
U0196,user,Tonya Wilson,tonya.wilson@rocha-dominguez.com,+1-384-624-1394,51,Boston,HR Specialist,25.7,2025-04-23T15:22:44Z
U0197,user,David Morris,david.morris@james-ferguson.com,+1-720-970-9264,42,San Diego,Graphic Designer,6.1,2024-04-30T15:22:44Z
U0198,user,Ian Andrade,ian.andrade@garcia-zavala.info,+1-372-451-9806,45,Milwaukee,Marketing Manager,0.1,2024-04-30T15:22:44Z
U0199,user,Erica Harris,erica.harris@gutierrez-hart.com,+1-525-898-6613,58,Indianapolis,Consultant,70.8,2024-11-12T15:22:44Z
U0200,user,Alexis Tran,alexis.tran@riley.com,+1-204-209-3843,44,Miami,Consultant,39.3,2025-05-27T15:22:44Z
U0201,user,Kelly Sanchez,kelly.sanchez@pena.info,+1-828-840-5967,69,Charlotte,Police Officer,98.0,2024-08-12T15:22:44Z
U0202,user,Maria Henry,maria.henry@oconnor.com,+1-956-779-3875,22,Dallas,Engineer,6.5,2024-11-26T15:22:44Z
U0203,user,Joshua White,joshua.white@mooney.com,+1-938-429-1769,35,Louisville,Chef,44.9,2025-08-13T15:22:44Z
U0204,user,Mary Duran,mary.duran@taylor-mccoy.com,+1-541-732-4878,22,Milwaukee,Consultant,9.6,2024-05-18T15:22:44Z
U0205,user,Alexa Wagner,alexa.wagner@brown-little.org,+1-590-611-2570,57,Louisville,Police Officer,86.5,2023-10-13T15:22:44Z
U0206,user,Mary Smith,mary.smith@arnold.com,+1-212-809-2106,55,Fort Worth,Electrician,12.6,2024-03-15T15:22:44Z
U0207,user,Donna Shaw,donna.shaw@craig.com,+1-725-867-6861,37,San Jose,Teacher,47.0,2023-12-10T15:22:44Z
U0208,user,Kelly Allen,kelly.allen@fox.biz,+1-628-536-3658,24,Atlanta,Marketing Manager,49.6,2025-08-15T15:22:44Z
U0209,user,Tyler Stevens,tyler.stevens@branch.com,+1-497-650-4185,58,Portland,Marketing Manager,97.5,2025-01-27T15:22:44Z
U0210,user,Sarah Valdez,sarah.valdez@malone.net,+1-581-876-3807,51,Baltimore,Architect,6.5,2025-03-24T15:22:44Z
U0211,user,Mark Warner,mark.warner@porter.com,+1-700-414-2333,68,Kansas City,Dentist,61.5,2025-02-28T15:22:44Z
U0212,user,Shannon Davis,shannon.davis@ellison.org,+1-605-423-6013,45,Las Vegas,Electrician,15.7,2024-07-31T15:22:44Z
U0213,user,Anthony Jones,anthony.jones@lam-elliott.com,+1-709-524-5473,42,Los Angeles,Accountant,44.2,2024-11-20T15:22:44Z
U0214,user,Samuel Smith,samuel.smith@matthews.biz,+1-401-891-6394,34,Washington,Engineer,81.6,2023-09-19T15:22:44Z
U0215,user,Elizabeth Elliott,elizabeth.elliott@davenport.com,+1-672-548-2406,38,Fort Worth,Web Developer,77.0,2023-09-04T15:22:44Z
U0216,user,Patrick Gibbs,patrick.gibbs@ramsey.com,+1-750-506-6342,55,Los Angeles,Electrician,78.5,2025-03-29T15:22:44Z
U0217,user,David Jones,david.jones@mack.com,+1-295-375-2709,61,Jacksonville,Marketing Manager,82.6,2023-12-10T15:22:44Z
U0218,user,Donald Riddle,donald.riddle@perez-tran.biz,+1-517-642-8778,28,Washington,Electrician,20.3,2023-09-17T15:22:44Z
U0219,user,Michael Guerrero,michael.guerrero@barton.com,+1-379-625-5081,29,Baltimore,Real Estate Agent,38.5,2023-10-14T15:22:44Z
U0220,user,Angela Moore,angela.moore@bowers.com,+1-533-619-8388,28,Indianapolis,Nurse,50.6,2024-05-02T15:22:44Z
U0221,user,Aaron Parker,aaron.parker@juarez-garcia.com,+1-872-448-8171,26,Kansas City,Graphic Designer,84.2,2025-02-25T15:22:44Z
U0222,user,Jerry Peters,jerry.peters@garcia-davis.net,+1-850-735-2684,42,Washington,Real Estate Agent,5.2,2025-08-14T15:22:44Z
U0223,user,Kyle Nguyen,kyle.nguyen@smith-gutierrez.com,+1-298-880-3750,64,Austin,Marketing Manager,41.6,2025-04-30T15:22:44Z
U0224,user,Kristin Haney,kristin.haney@armstrong.biz,+1-268-423-7735,37,Miami,Sales Representative,71.3,2024-01-14T15:22:44Z
U0225,user,Derrick Adams,derrick.adams@brown.com,+1-921-213-4811,19,San Diego,Project Manager,23.6,2024-06-06T15:22:44Z
U0226,user,John Jones,john.jones@raymond-le.info,+1-624-863-5726,66,Los Angeles,Police Officer,84.7,2024-09-13T15:22:44Z
U0227,user,Christina Rodriguez,christina.rodriguez@smith-foster.org,+1-409-328-2503,29,Columbus,Police Officer,50.7,2024-06-08T15:22:44Z
U0228,user,Scott Alexander,scott.alexander@ochoa-villarreal.org,+1-674-513-8431,36,Las Vegas,Chef,60.6,2025-06-06T15:22:44Z
U0229,user,Frank Valentine,frank.valentine@mendoza.biz,+1-239-327-7304,54,Austin,Nurse,76.3,2024-11-30T15:22:44Z
U0230,user,Doris Neal,doris.neal@faulkner-casey.com,+1-816-792-3644,18,San Diego,Consultant,9.2,2023-08-21T15:22:44Z
U0231,user,Robert Long,robert.long@frederick.org,+1-870-495-8060,28,Jacksonville,Construction Manager,18.6,2025-04-03T15:22:44Z
U0232,user,Catherine Saunders MD,catherine.saunders.md@murray.com,+1-839-311-3721,23,Denver,Financial Analyst,37.8,2024-11-08T15:22:44Z
U0233,user,Andrea Abbott,andrea.abbott@chambers-taylor.com,+1-242-299-4458,51,New York,HR Specialist,60.3,2024-11-19T15:22:44Z
U0234,user,Matthew Espinoza,matthew.espinoza@jones-ewing.info,+1-529-217-6901,20,Boston,Dentist,44.4,2023-12-06T15:22:44Z
U0235,user,Kimberly Mclean,kimberly.mclean@barnes.net,+1-761-678-3753,46,San Diego,Doctor,66.3,2024-12-15T15:22:44Z
U0236,user,Suzanne Rodriguez,suzanne.rodriguez@sandoval.com,+1-886-326-3224,52,Miami,Financial Analyst,79.6,2024-09-12T15:22:44Z
U0237,user,Amanda Terrell,amanda.terrell@lucas.biz,+1-518-263-9775,30,Las Vegas,Web Developer,32.0,2024-08-10T15:22:44Z
U0238,user,Brett Walker,brett.walker@stone.info,+1-585-260-6458,27,Columbus,Engineer,93.4,2024-12-31T15:22:44Z
U0239,user,Joel Frazier,joel.frazier@mason.com,+1-794-255-5981,47,Austin,Electrician,13.8,2023-09-06T15:22:44Z
U0240,user,Thomas Miller,thomas.miller@thomas.com,+1-352-842-7619,33,Chicago,Sales Representative,24.1,2024-04-05T15:22:44Z
U0241,user,Hannah Davis,hannah.davis@horton.com,+1-856-884-9351,32,Los Angeles,Electrician,57.3,2024-01-10T15:22:44Z
U0242,user,Greg Rodriguez,greg.rodriguez@spears.com,+1-917-220-7451,53,Raleigh,Doctor,6.4,2023-12-29T15:22:44Z
U0243,user,Kristen Rivera,kristen.rivera@mullen-hall.biz,+1-572-757-3811,45,New York,Police Officer,30.1,2024-03-05T15:22:44Z
U0244,user,Charlotte Sandoval,charlotte.sandoval@johnson-mendez.com,+1-913-861-4156,63,Portland,Electrician,65.7,2024-03-13T15:22:44Z
U0245,user,Jeffrey Smith,jeffrey.smith@harris.com,+1-427-587-2720,68,San Diego,Accountant,52.6,2024-10-09T15:22:44Z
U0246,user,Rebecca Herrera,rebecca.herrera@nguyen-ellis.com,+1-612-688-3090,34,New York,Dentist,51.4,2025-03-12T15:22:44Z
U0247,user,Katherine Church,katherine.church@harper-carr.org,+1-289-512-7660,67,Boston,Financial Analyst,63.5,2025-06-01T15:22:44Z
U0248,user,Harold Ellis,harold.ellis@cervantes.com,+1-956-877-9652,61,Chicago,Plumber,44.9,2025-02-27T15:22:44Z
U0249,user,Leslie Powers,leslie.powers@wilson-torres.com,+1-500-471-4490,18,Memphis,Nurse,92.3,2023-10-30T15:22:44Z
U0250,user,Charles Price,charles.price@taylor.net,+1-209-303-8058,49,Fort Worth,Financial Analyst,52.9,2025-03-14T15:22:44Z
U0251,user,Maria Cooke,maria.cooke@jackson.info,+1-205-567-4251,25,Fort Worth,Project Manager,4.0,2024-07-10T15:22:44Z
U0252,user,Sharon Crane,sharon.crane@taylor-ochoa.net,+1-310-221-3066,27,Detroit,Lawyer,1.4,2023-09-18T15:22:44Z
U0253,user,Kathleen Cohen,kathleen.cohen@mckinney-wallace.com,+1-639-453-3498,64,Colorado Springs,Accountant,24.9,2025-04-23T15:22:44Z
U0254,user,Andre Juarez,andre.juarez@johnson-walker.com,+1-396-349-7984,19,Fort Worth,Financial Analyst,86.4,2024-07-25T15:22:44Z
U0255,user,Jim Newton,jim.newton@dunn-wilson.com,+1-527-248-3977,20,New York,Marketing Manager,66.0,2024-09-23T15:22:44Z
U0256,user,Joshua Ritter,joshua.ritter@carson.net,+1-333-539-6907,65,Portland,Engineer,77.9,2024-02-24T15:22:44Z
U0257,user,Jeffery Fitzgerald,jeffery.fitzgerald@potter.info,+1-938-357-1717,26,Fort Worth,Web Developer,55.0,2024-12-03T15:22:44Z
U0258,user,Scott Miller,scott.miller@rowe.com,+1-785-423-1145,68,Colorado Springs,Real Estate Agent,50.4,2024-02-28T15:22:44Z
U0259,user,Leah Bell,leah.bell@bishop.com,+1-252-857-5079,70,Columbus,Chef,11.6,2023-10-24T15:22:44Z
U0260,user,Renee Hudson,renee.hudson@campbell.com,+1-216-750-2743,64,Las Vegas,Mechanic,25.7,2023-11-16T15:22:44Z
U0261,user,Derek Hodge,derek.hodge@ochoa.biz,+1-389-380-4094,54,Miami,Engineer,18.0,2024-11-03T15:22:44Z
U0262,user,Wendy Camacho,wendy.camacho@miles.com,+1-944-968-1193,56,San Antonio,HR Specialist,38.4,2025-04-28T15:22:44Z
U0263,user,Frank Wright,frank.wright@long.biz,+1-358-449-1915,52,Seattle,Mechanic,54.4,2025-07-28T15:22:44Z
U0264,user,Bernard Norton,bernard.norton@powell.com,+1-382-638-9691,39,Jacksonville,Dentist,42.5,2023-10-05T15:22:44Z
U0265,user,Sherry Gibson,sherry.gibson@murphy-smith.com,+1-530-330-3979,67,Las Vegas,Construction Manager,31.9,2024-06-10T15:22:44Z
U0266,user,Judy Beck,judy.beck@horn-flynn.biz,+1-202-408-1281,41,Kansas City,Teacher,92.1,2025-06-18T15:22:44Z
U0267,user,Jeffrey Lewis,jeffrey.lewis@morris-campbell.net,+1-212-782-7823,27,Jacksonville,Doctor,74.4,2024-02-25T15:22:44Z
U0268,user,Kylie Washington,kylie.washington@shannon-farmer.com,+1-294-734-7185,26,Columbus,HR Specialist,61.9,2025-01-06T15:22:44Z
U0269,user,Richard Stevens,richard.stevens@noble.info,+1-516-392-4305,58,Chicago,Police Officer,26.9,2024-01-13T15:22:44Z
U0270,user,William Patterson,william.patterson@blankenship.com,+1-674-280-2528,63,Charlotte,Nurse,80.7,2023-10-19T15:22:44Z
U0271,user,Isaac Miller,isaac.miller@mckee.com,+1-825-821-2228,27,Miami,Sales Representative,80.5,2025-03-25T15:22:44Z
U0272,user,Nicole Patterson,nicole.patterson@padilla.com,+1-462-981-8242,59,Dallas,Sales Representative,97.2,2024-04-06T15:22:44Z
U0273,user,Casey Perez,casey.perez@wallace.com,+1-898-623-9289,46,Indianapolis,Dentist,4.3,2023-10-29T15:22:44Z
U0274,user,Jennifer Anderson MD,jennifer.anderson.md@davis-shaffer.com,+1-428-597-8573,60,Philadelphia,Construction Manager,46.6,2023-10-31T15:22:44Z
U0275,user,Stanley Taylor,stanley.taylor@may.com,+1-681-349-4497,38,Chicago,Plumber,77.4,2025-06-16T15:22:44Z
U0276,user,Justin Bishop,justin.bishop@alexander.com,+1-748-905-3632,62,Baltimore,Construction Manager,91.3,2024-01-12T15:22:44Z
U0277,user,Brittany Jenkins,brittany.jenkins@ramos.com,+1-792-299-1597,31,Fort Worth,Web Developer,69.6,2025-03-01T15:22:44Z
U0278,user,Leah Cruz,leah.cruz@edwards-taylor.com,+1-983-543-2857,29,Atlanta,Web Developer,37.3,2024-01-30T15:22:44Z
U0279,user,Danielle Burke,danielle.burke@lawson.com,+1-995-665-7243,25,Fort Worth,Doctor,95.1,2024-08-24T15:22:44Z
U0280,user,Lawrence Lopez,lawrence.lopez@phillips-brown.com,+1-814-525-6490,28,Baltimore,Police Officer,55.6,2024-07-14T15:22:44Z
U0281,user,Brian Porter MD,brian.porter.md@oneal.com,+1-716-321-7422,66,Indianapolis,Chef,15.9,2024-09-22T15:22:44Z
U0282,user,Scott Carroll,scott.carroll@payne-thompson.info,+1-566-391-4927,59,Charlotte,Project Manager,19.4,2024-12-10T15:22:44Z
U0283,user,Patricia Smith,patricia.smith@smith.com,+1-222-623-2205,49,Phoenix,Nurse,68.7,2024-07-30T15:22:44Z
U0284,user,Tiffany Sanders,tiffany.sanders@fuller-mason.biz,+1-317-422-1483,38,Dallas,Police Officer,8.3,2023-09-10T15:22:44Z
U0285,user,James Davidson,james.davidson@jensen.net,+1-234-723-5146,55,Louisville,Project Manager,60.4,2023-10-28T15:22:44Z
U0286,user,Valerie Moore,valerie.moore@myers-walters.com,+1-305-774-5555,63,Phoenix,Electrician,89.3,2024-06-13T15:22:44Z
U0287,user,Jeffrey Ashley,jeffrey.ashley@brown.biz,+1-789-204-8565,36,Dallas,HR Specialist,3.7,2024-02-19T15:22:44Z
U0288,user,Logan Brown,logan.brown@harmon.com,+1-374-290-4131,64,Portland,Chef,99.0,2023-09-14T15:22:44Z
U0289,user,Carla Benton,carla.benton@holmes.com,+1-325-734-9644,33,Kansas City,Dentist,49.0,2024-11-04T15:22:44Z
U0290,user,Richard Adams,richard.adams@wise.com,+1-979-740-9420,38,Washington,Architect,45.4,2025-03-14T15:22:44Z
U0291,user,Denise Brown,denise.brown@proctor.net,+1-641-720-6467,21,Milwaukee,Graphic Designer,37.0,2025-06-29T15:22:44Z
U0292,user,Jonathan Bradley,jonathan.bradley@moore-ayala.org,+1-267-744-2655,35,Charlotte,Plumber,70.0,2024-06-30T15:22:44Z
U0293,user,Ashley Yang,ashley.yang@williams.com,+1-512-904-4909,28,Boston,Dentist,6.9,2025-02-08T15:22:44Z
U0294,user,Jack Mora,jack.mora@velazquez.net,+1-737-715-3741,66,San Jose,Consultant,9.4,2024-10-11T15:22:44Z
U0295,user,Michelle Rios,michelle.rios@morris.com,+1-810-695-2847,35,Raleigh,Engineer,64.0,2025-03-20T15:22:44Z
U0296,user,Blake Watson,blake.watson@nunez.net,+1-660-739-3866,34,Detroit,Data Scientist,39.1,2024-06-17T15:22:44Z
U0297,user,Dr. Andrea Marshall,dr..andrea.marshall@ayala-collins.com,+1-489-807-3022,21,Miami,Project Manager,0.5,2024-08-23T15:22:44Z
U0298,user,Aimee Gonzalez,aimee.gonzalez@mueller.com,+1-477-346-4223,45,Philadelphia,Project Manager,21.9,2024-04-21T15:22:44Z
U0299,user,Katherine Barton,katherine.barton@oconnor.com,+1-512-287-5871,54,Atlanta,Chef,18.3,2024-05-28T15:22:44Z
U0300,user,Timothy Johnson,timothy.johnson@reed.com,+1-679-562-8006,47,Louisville,Web Developer,46.1,2024-01-24T15:22:44Z
U0301,user,Matthew Sweeney,matthew.sweeney@parker.biz,+1-794-724-7113,26,Denver,Marketing Manager,75.5,2024-07-12T15:22:44Z
U0302,user,Anthony Shea DDS,anthony.shea.dds@williams.net,+1-255-286-1896,35,San Antonio,Data Scientist,59.4,2024-10-25T15:22:44Z
U0303,user,Steven Ellis,steven.ellis@miller.biz,+1-775-958-9115,26,Charlotte,Dentist,64.0,2025-03-13T15:22:44Z
U0304,user,Keith Graham,keith.graham@young.com,+1-732-299-5050,31,San Antonio,Doctor,2.5,2024-03-19T15:22:44Z
U0305,user,Jenna Decker,jenna.decker@stewart-nelson.com,+1-897-649-3018,45,San Jose,Mechanic,2.2,2025-03-26T15:22:44Z
U0306,user,Brandy Carrillo,brandy.carrillo@moore.info,+1-309-675-7830,70,Baltimore,Teacher,2.8,2024-05-07T15:22:44Z
U0307,user,Jason Herrera,jason.herrera@hayes.com,+1-834-655-1698,40,Dallas,Real Estate Agent,88.2,2024-05-06T15:22:44Z
U0308,user,Ann Aguirre,ann.aguirre@mckenzie-terry.com,+1-923-737-7399,50,Phoenix,Accountant,65.6,2024-08-23T15:22:44Z
U0309,user,Scott Hernandez,scott.hernandez@wright.com,+1-860-695-7168,48,Jacksonville,Electrician,70.9,2024-03-17T15:22:44Z
U0310,user,William Johnson,william.johnson@bond-hawkins.net,+1-711-895-8805,38,Charlotte,Consultant,80.9,2024-12-19T15:22:44Z
U0311,user,Joel Lara,joel.lara@martinez.com,+1-263-826-5103,25,Chicago,Engineer,7.3,2024-07-31T15:22:44Z
U0312,user,Rodney Watson,rodney.watson@pace.com,+1-702-648-5687,32,Fort Worth,Engineer,16.2,2024-02-24T15:22:44Z
U0313,user,Austin Orr,austin.orr@lamb-davis.com,+1-898-947-9653,49,Fort Worth,Nurse,57.0,2024-04-20T15:22:44Z
U0314,user,Tom Williams,tom.williams@hamilton.biz,+1-330-729-5886,24,San Diego,Doctor,23.1,2023-12-12T15:22:44Z
U0315,user,Carrie Lewis,carrie.lewis@hill.com,+1-276-747-4955,51,Colorado Springs,Project Manager,39.9,2025-06-21T15:22:44Z
U0316,user,Manuel Sanchez,manuel.sanchez@porter-andrade.info,+1-409-760-6400,66,Houston,Police Officer,49.4,2024-01-19T15:22:44Z
U0317,user,Douglas Taylor,douglas.taylor@day.com,+1-641-689-5971,68,Charlotte,Software Engineer,93.1,2025-07-23T15:22:44Z
U0318,user,Rebekah Norton,rebekah.norton@casey-howard.net,+1-648-320-7024,40,Fort Worth,Data Scientist,43.7,2025-06-20T15:22:44Z
U0319,user,Hailey Cunningham,hailey.cunningham@price-white.com,+1-749-781-1750,69,New York,Engineer,25.0,2025-06-21T15:22:44Z
U0320,user,Alyssa Cochran,alyssa.cochran@brown-frey.net,+1-450-499-3125,56,Memphis,Doctor,65.8,2023-10-16T15:22:44Z
U0321,user,Kevin Hall,kevin.hall@garcia.com,+1-425-654-5959,41,Denver,Mechanic,24.4,2024-11-18T15:22:44Z
U0322,user,Robert Stark,robert.stark@gallagher.org,+1-733-436-5996,65,Columbus,Sales Representative,37.2,2025-03-26T15:22:44Z
U0323,user,Rebecca Kelly,rebecca.kelly@thompson.com,+1-710-234-5428,35,Las Vegas,Project Manager,82.7,2025-05-24T15:22:44Z
U0324,user,Melissa Sloan,melissa.sloan@warner.org,+1-429-410-7214,29,Baltimore,Chef,5.2,2024-10-10T15:22:44Z
U0325,user,Kristine Lopez,kristine.lopez@weaver-thompson.com,+1-468-971-4547,66,Los Angeles,Data Scientist,72.6,2023-11-21T15:22:44Z
U0326,user,David Robinson,david.robinson@woods.com,+1-747-674-7944,54,Raleigh,Graphic Designer,16.3,2024-07-24T15:22:44Z
U0327,user,Christopher Lang,christopher.lang@brown-hernandez.com,+1-604-239-5493,41,Seattle,Dentist,25.1,2023-10-20T15:22:44Z
U0328,user,Sarah Valencia,sarah.valencia@brooks.biz,+1-618-259-2303,35,Boston,Financial Analyst,44.0,2024-11-27T15:22:44Z
U0329,user,Gabrielle Morris,gabrielle.morris@oconnor.info,+1-524-242-4734,21,Indianapolis,Graphic Designer,1.6,2024-08-22T15:22:44Z
U0330,user,Carrie Novak,carrie.novak@preston.org,+1-897-625-2169,59,Baltimore,Project Manager,14.3,2024-09-18T15:22:44Z
U0331,user,Jamie Gross,jamie.gross@anderson-daniel.org,+1-497-353-1418,24,Columbus,Data Scientist,51.1,2024-03-16T15:22:44Z
U0332,user,Zachary Sanford,zachary.sanford@white.org,+1-715-788-9982,64,Louisville,Chef,73.3,2024-02-25T15:22:44Z
U0333,user,Keith Zuniga,keith.zuniga@rivera.com,+1-966-318-4949,46,Louisville,Construction Manager,8.0,2024-01-23T15:22:44Z
U0334,user,Francisco Fields,francisco.fields@underwood.com,+1-450-995-7678,61,Dallas,Plumber,26.0,2024-10-29T15:22:44Z
U0335,user,Derek Wright,derek.wright@bell.com,+1-215-370-2979,44,Indianapolis,Consultant,55.5,2024-04-24T15:22:44Z
U0336,user,Jeffrey Barnes,jeffrey.barnes@wilkerson.biz,+1-929-500-2950,39,Nashville,Electrician,60.9,2025-04-30T15:22:44Z
U0337,user,James Poole,james.poole@curtis.com,+1-807-578-8430,42,Boston,Real Estate Agent,17.7,2023-12-25T15:22:44Z
U0338,user,Amanda Smith,amanda.smith@lynn-jones.com,+1-737-793-9326,45,Denver,Data Scientist,38.4,2025-02-17T15:22:44Z
U0339,user,Candace Jones,candace.jones@morgan.info,+1-465-820-2738,32,Seattle,Teacher,9.6,2024-01-31T15:22:44Z
U0340,user,Jessica Valdez,jessica.valdez@preston.com,+1-655-733-3067,47,Denver,Sales Representative,71.6,2025-04-18T15:22:44Z
U0341,user,Jennifer Spencer,jennifer.spencer@fernandez.com,+1-427-944-2218,38,Austin,Lawyer,33.5,2024-05-11T15:22:44Z
U0342,user,Kenneth Larsen,kenneth.larsen@brown.biz,+1-771-876-1583,58,New York,Police Officer,13.7,2024-07-29T15:22:44Z
U0343,user,Rodney Weber,rodney.weber@gonzalez-johnson.com,+1-268-702-4416,63,Jacksonville,Marketing Manager,41.8,2024-11-22T15:22:44Z
U0344,user,Vanessa Wells,vanessa.wells@parker.info,+1-696-701-7425,56,Detroit,Chef,48.1,2025-05-12T15:22:44Z
U0345,user,Matthew Davis MD,matthew.davis.md@watson.com,+1-380-675-6224,60,San Diego,Construction Manager,69.7,2023-08-28T15:22:44Z
U0346,user,Andrew Gonzales,andrew.gonzales@perez-adams.com,+1-229-497-5389,50,Columbus,Web Developer,6.1,2024-09-22T15:22:44Z
U0347,user,Michael Davis,michael.davis@cooper.org,+1-255-474-8954,64,Charlotte,Data Scientist,63.6,2025-07-03T15:22:44Z
U0348,user,Antonio Hughes,antonio.hughes@barnes.info,+1-220-939-1345,69,Las Vegas,Financial Analyst,78.0,2024-09-11T15:22:44Z
U0349,user,Cynthia Evans,cynthia.evans@orr-klein.net,+1-220-973-9627,24,Colorado Springs,HR Specialist,79.1,2025-07-06T15:22:44Z
U0350,user,Kellie Duncan,kellie.duncan@hernandez.com,+1-967-326-7190,59,Memphis,Teacher,81.8,2024-11-15T15:22:44Z
U0351,user,Rhonda Martinez,rhonda.martinez@miller-vega.com,+1-519-531-7965,50,Los Angeles,Project Manager,27.4,2025-01-23T15:22:44Z
U0352,user,Lori Flowers MD,lori.flowers.md@sloan.biz,+1-616-774-5563,48,Denver,Architect,53.3,2024-12-11T15:22:44Z
U0353,user,Shannon Stone,shannon.stone@buchanan.org,+1-657-578-8811,54,San Antonio,Mechanic,31.1,2025-03-24T15:22:44Z
U0354,user,Jennifer Perry,jennifer.perry@knight.com,+1-705-458-7747,37,Nashville,Teacher,3.7,2023-09-13T15:22:44Z
U0355,user,Kristine Garcia,kristine.garcia@dillon-beard.biz,+1-529-672-8913,50,Philadelphia,Sales Representative,42.6,2025-05-31T15:22:44Z
U0356,user,Matthew Armstrong,matthew.armstrong@johnson-hill.com,+1-841-737-8982,26,Louisville,HR Specialist,0.9,2025-04-20T15:22:44Z
U0357,user,Melanie Morales,melanie.morales@preston-rivera.com,+1-901-409-7082,51,Indianapolis,Doctor,46.3,2024-09-14T15:22:44Z
U0358,user,John Adams,john.adams@smith-roth.com,+1-679-808-3563,22,Detroit,Mechanic,55.9,2024-12-30T15:22:44Z
U0359,user,Ryan Garrison,ryan.garrison@garcia.info,+1-460-774-9864,59,Fort Worth,Financial Analyst,59.3,2025-05-05T15:22:44Z
U0360,user,Erica Daniel,erica.daniel@brewer.biz,+1-684-414-3754,18,Charlotte,Nurse,9.1,2023-11-28T15:22:44Z
U0361,user,Olivia Camacho,olivia.camacho@robertson.com,+1-340-723-8203,45,Kansas City,Data Scientist,30.3,2025-04-20T15:22:44Z
U0362,user,Jonathon Taylor,jonathon.taylor@suarez.com,+1-734-524-9694,23,Columbus,Accountant,94.5,2024-11-07T15:22:44Z
U0363,user,Danielle Bryant,danielle.bryant@bush-hill.info,+1-634-418-4129,42,Portland,Accountant,93.3,2025-08-08T15:22:44Z
U0364,user,Madison Martinez,madison.martinez@allen.org,+1-577-459-9237,18,Seattle,Marketing Manager,64.7,2023-10-31T15:22:44Z
U0365,user,Tyler Wells,tyler.wells@bailey.com,+1-822-847-8446,49,Jacksonville,Doctor,75.0,2023-10-25T15:22:44Z
U0366,user,James Martin,james.martin@chan.com,+1-263-521-2597,52,Seattle,Nurse,65.5,2025-08-01T15:22:44Z
U0367,user,Debra Ortiz,debra.ortiz@hancock.com,+1-626-883-2007,22,Fort Worth,Consultant,50.2,2024-11-18T15:22:44Z
U0368,user,Carlos Thompson,carlos.thompson@walker.com,+1-850-964-1052,37,Seattle,Chef,35.1,2024-09-03T15:22:44Z
U0369,user,Michelle Hill,michelle.hill@york-stevens.com,+1-220-985-3774,68,New York,Nurse,63.8,2024-05-04T15:22:44Z
U0370,user,Michael Holloway,michael.holloway@silva-smith.com,+1-395-965-3174,37,Houston,HR Specialist,70.6,2025-02-17T15:22:44Z
U0371,user,Linda Campbell,linda.campbell@rodriguez.com,+1-381-502-5249,62,Milwaukee,Graphic Designer,9.2,2024-08-20T15:22:44Z
U0372,user,Debbie Dawson,debbie.dawson@evans.com,+1-750-782-4451,62,Baltimore,Construction Manager,64.6,2023-09-20T15:22:44Z
U0373,user,Rebekah Greene,rebekah.greene@flores.info,+1-343-678-6291,41,Las Vegas,Dentist,58.8,2025-07-15T15:22:44Z
U0374,user,Deanna Barnes MD,deanna.barnes.md@aguilar.com,+1-566-513-3666,47,Jacksonville,Consultant,2.2,2023-11-26T15:22:44Z
U0375,user,Micheal Parks,micheal.parks@glover.net,+1-507-241-4838,66,Colorado Springs,Sales Representative,42.1,2024-11-16T15:22:44Z
U0376,user,Christopher Sandoval,christopher.sandoval@white.com,+1-669-605-3708,47,New York,Dentist,14.7,2025-02-23T15:22:44Z
U0377,user,Kristin Gaines,kristin.gaines@lam.com,+1-688-363-6647,24,Kansas City,Chef,68.7,2023-09-03T15:22:44Z
U0378,user,Elizabeth French,elizabeth.french@watson-richards.info,+1-298-596-3105,38,Dallas,HR Specialist,77.3,2024-11-02T15:22:44Z
U0379,user,Julie Delacruz,julie.delacruz@carpenter.com,+1-713-201-7523,22,Charlotte,Teacher,50.0,2025-07-04T15:22:44Z
U0380,user,Sharon James,sharon.james@gutierrez-pitts.com,+1-518-596-8875,20,Indianapolis,Web Developer,18.0,2024-07-07T15:22:44Z
U0381,user,Curtis Ortiz,curtis.ortiz@orozco.com,+1-331-788-9306,42,Atlanta,Software Engineer,48.6,2023-10-02T15:22:44Z
U0382,user,Katherine Welch,katherine.welch@edwards.com,+1-543-747-6977,25,Jacksonville,Web Developer,53.2,2024-07-22T15:22:44Z
U0383,user,Daniel Ayala,daniel.ayala@duran.com,+1-671-575-1820,56,Portland,Graphic Designer,42.6,2023-09-27T15:22:44Z
U0384,user,Jeffrey Jordan,jeffrey.jordan@sanford-reyes.com,+1-532-504-1583,56,San Diego,Construction Manager,73.2,2024-02-21T15:22:44Z
U0385,user,Monica Dodson,monica.dodson@sherman-schmidt.com,+1-950-736-8510,20,Phoenix,Data Scientist,37.3,2025-03-21T15:22:44Z
U0386,user,Lori Wright,lori.wright@wiley.net,+1-388-964-5208,64,Philadelphia,Web Developer,96.5,2025-02-03T15:22:44Z
U0387,user,Carol Colon,carol.colon@fry-bryant.net,+1-647-481-4042,35,Colorado Springs,Dentist,4.6,2024-07-06T15:22:44Z
U0388,user,Gail Barron,gail.barron@cooper.com,+1-671-802-7893,58,Nashville,Chef,38.9,2024-01-25T15:22:44Z
U0389,user,Carmen Meadows,carmen.meadows@smith-walker.com,+1-710-415-9720,62,Austin,Dentist,39.0,2024-07-02T15:22:44Z
U0390,user,Alex Wagner,alex.wagner@richardson.com,+1-412-965-9676,41,Washington,Project Manager,75.1,2024-05-13T15:22:44Z
U0391,user,Martin Wise,martin.wise@williams.com,+1-961-702-4845,42,Dallas,HR Specialist,60.7,2025-04-14T15:22:44Z
U0392,user,Brian Wallace,brian.wallace@kelley.com,+1-985-996-7571,53,Louisville,Construction Manager,75.1,2024-06-16T15:22:44Z
U0393,user,Michael Smith,michael.smith@stanley-bates.com,+1-495-203-9727,39,Atlanta,Mechanic,17.2,2025-05-10T15:22:44Z
U0394,user,Mercedes Barnes,mercedes.barnes@hunt.com,+1-813-784-7697,19,Boston,Plumber,25.0,2024-01-14T15:22:44Z
U0395,user,Richard Jimenez,richard.jimenez@gonzalez.com,+1-668-577-4920,29,Kansas City,Architect,92.1,2024-09-22T15:22:44Z
U0396,user,Jason Martin,jason.martin@crawford.com,+1-817-654-4963,68,Jacksonville,Real Estate Agent,50.0,2025-04-27T15:22:44Z
U0397,user,Adam Davis,adam.davis@conley.info,+1-466-933-9803,25,Los Angeles,Real Estate Agent,48.1,2025-06-18T15:22:44Z
U0398,user,Brandon Hunt,brandon.hunt@cummings.info,+1-723-844-8209,45,San Diego,Sales Representative,14.6,2024-11-23T15:22:44Z
U0399,user,Elizabeth Marshall MD,elizabeth.marshall.md@sawyer.com,+1-926-703-5009,66,Indianapolis,Data Scientist,29.5,2024-05-20T15:22:44Z
U0400,user,Emily Rodgers,emily.rodgers@york.com,+1-571-930-5771,37,Austin,Electrician,63.4,2024-04-19T15:22:44Z
U0401,user,Mary Jackson,mary.jackson@kline-friedman.com,+1-465-572-9332,65,Raleigh,HR Specialist,47.7,2025-02-25T15:22:44Z
U0402,user,Anna Briggs,anna.briggs@wilson.info,+1-484-823-2959,59,Fort Worth,Construction Manager,49.9,2024-01-13T15:22:44Z
U0403,user,James Jefferson,james.jefferson@banks-robles.com,+1-257-657-9567,33,San Francisco,Graphic Designer,79.7,2025-02-12T15:22:44Z
U0404,user,Nicholas Jarvis,nicholas.jarvis@garcia.info,+1-394-950-2043,26,Raleigh,Project Manager,6.1,2024-12-28T15:22:44Z
U0405,user,Meghan White,meghan.white@maxwell-carr.com,+1-849-274-4218,48,San Diego,Real Estate Agent,8.3,2025-01-28T15:22:44Z
U0406,user,Mr. Stephen Alexander,mr..stephen.alexander@green.com,+1-314-937-8252,67,Fort Worth,Electrician,80.6,2023-11-28T15:22:44Z
U0407,user,Megan Saunders,megan.saunders@cummings.com,+1-774-715-6059,58,Milwaukee,Sales Representative,97.7,2025-02-13T15:22:44Z
U0408,user,Melissa Montgomery,melissa.montgomery@stanley-wright.com,+1-653-550-9824,70,Jacksonville,Nurse,77.9,2024-12-24T15:22:44Z
U0409,user,Margaret Hernandez,margaret.hernandez@mcclain.com,+1-824-415-3532,38,Austin,Nurse,76.6,2025-02-24T15:22:44Z
U0410,user,Julie Simpson,julie.simpson@jones.com,+1-579-348-6017,39,Detroit,Engineer,31.5,2024-10-07T15:22:44Z
U0411,user,Wayne Williams,wayne.williams@pierce.biz,+1-985-480-1319,70,Fort Worth,Nurse,66.2,2024-11-29T15:22:44Z
U0412,user,Angela Wallace,angela.wallace@west.com,+1-956-404-4522,57,Colorado Springs,Real Estate Agent,85.6,2025-05-01T15:22:44Z
U0413,user,Dr. Alicia Powell,dr..alicia.powell@hawkins.com,+1-247-999-7390,62,Miami,Police Officer,28.0,2023-12-06T15:22:44Z
U0414,user,Tracey Walsh,tracey.walsh@hart.com,+1-275-532-7779,70,San Jose,Teacher,59.0,2024-01-09T15:22:44Z
U0415,user,Anthony Walker,anthony.walker@rivera-saunders.org,+1-770-743-5774,62,Los Angeles,Teacher,77.2,2025-06-10T15:22:44Z
U0416,user,Matthew Baldwin,matthew.baldwin@davis.com,+1-461-818-1379,26,San Diego,Mechanic,41.1,2024-07-09T15:22:44Z
U0417,user,Henry Schultz,henry.schultz@kelley-brooks.com,+1-952-277-2509,53,San Diego,Chef,15.8,2024-03-11T15:22:44Z
U0418,user,Christopher Taylor,christopher.taylor@newton.com,+1-863-789-6567,47,Raleigh,Consultant,69.3,2024-06-02T15:22:44Z
U0419,user,Timothy Long,timothy.long@summers-lee.com,+1-405-988-6810,63,San Jose,Nurse,77.3,2025-01-19T15:22:44Z
U0420,user,Jason House,jason.house@chapman.org,+1-873-413-4304,37,Austin,Web Developer,99.1,2024-12-23T15:22:44Z
U0421,user,Brandy Porter,brandy.porter@fitzgerald.org,+1-295-379-9301,55,Raleigh,Sales Representative,16.3,2025-01-16T15:22:44Z
U0422,user,Mr. Thomas Thompson,mr..thomas.thompson@thompson.org,+1-415-292-9305,41,Kansas City,Graphic Designer,50.9,2024-05-08T15:22:44Z
U0423,user,Erica Keith,erica.keith@petty-moon.com,+1-517-266-8113,59,Washington,Police Officer,100.0,2025-05-24T15:22:44Z
U0424,user,Victor Waller,victor.waller@ballard-taylor.org,+1-778-209-3096,51,San Jose,Teacher,69.5,2025-07-10T15:22:44Z
U0425,user,Nicole Evans,nicole.evans@kelley.net,+1-361-629-3824,29,Raleigh,Teacher,74.2,2023-10-04T15:22:44Z
U0426,user,Christina Weber,christina.weber@parks-morse.com,+1-582-471-6260,19,Los Angeles,Data Scientist,2.8,2024-04-24T15:22:44Z
U0427,user,Miss Tina Gordon,miss.tina.gordon@walsh.net,+1-737-373-3591,24,New York,Construction Manager,89.7,2025-05-16T15:22:44Z
U0428,user,Mr. Michael Butler,mr..michael.butler@english.biz,+1-687-680-5208,26,Boston,Dentist,54.0,2023-11-29T15:22:44Z
U0429,user,Kelly Johnson,kelly.johnson@brown.com,+1-875-284-2553,63,Memphis,Project Manager,88.7,2025-05-03T15:22:44Z
U0430,user,Richard Terrell,richard.terrell@king.com,+1-884-804-9518,51,Seattle,Consultant,90.0,2024-09-17T15:22:44Z
U0431,user,Joshua Howard,joshua.howard@garcia-parrish.net,+1-386-214-3342,58,Chicago,Police Officer,16.2,2024-09-22T15:22:44Z
U0432,user,Natalie Hoffman,natalie.hoffman@dixon.com,+1-791-615-8407,31,Atlanta,Plumber,26.3,2024-05-25T15:22:44Z
U0433,user,Amber James,amber.james@frye-daugherty.com,+1-390-461-6586,69,Miami,Consultant,54.9,2023-10-09T15:22:44Z
U0434,user,Amy Manning,amy.manning@oliver.com,+1-226-756-3068,24,Charlotte,Real Estate Agent,83.0,2025-04-17T15:22:44Z
U0435,user,Michele Holland,michele.holland@payne.com,+1-607-723-4192,27,Charlotte,Consultant,1.7,2024-08-21T15:22:44Z
U0436,user,Christopher Fleming,christopher.fleming@rivers.net,+1-583-362-2640,61,Austin,Mechanic,63.4,2023-11-24T15:22:44Z
U0437,user,Andrew Ramirez,andrew.ramirez@anderson-silva.com,+1-610-503-7386,51,Louisville,Doctor,46.8,2025-04-01T15:22:44Z
U0438,user,John Pineda,john.pineda@hernandez.org,+1-982-448-7410,68,Austin,Mechanic,41.9,2023-12-22T15:22:44Z
U0439,user,Timothy Gilbert,timothy.gilbert@turner.com,+1-957-799-3487,31,Milwaukee,Teacher,67.2,2024-09-17T15:22:44Z
U0440,user,Emily Robinson,emily.robinson@meyer.com,+1-437-876-8180,37,San Diego,Chef,74.3,2024-05-10T15:22:44Z
U0441,user,Joshua Davis,joshua.davis@ware.com,+1-461-315-8643,45,Austin,Architect,69.1,2024-04-07T15:22:44Z
U0442,user,Edward Clements,edward.clements@moreno.com,+1-988-486-5519,34,Colorado Springs,Data Scientist,42.0,2024-12-04T15:22:44Z
U0443,user,Gregory Allen,gregory.allen@austin.com,+1-591-243-2766,55,San Antonio,Electrician,9.5,2024-12-17T15:22:44Z
U0444,user,Robert Wilson,robert.wilson@fernandez-campbell.net,+1-787-735-1610,43,Baltimore,Dentist,90.8,2025-01-09T15:22:44Z
U0445,user,Jaime Lang,jaime.lang@tucker-phillips.com,+1-899-552-6773,33,Seattle,Real Estate Agent,78.4,2024-09-20T15:22:44Z
U0446,user,Bradley Davis,bradley.davis@ferguson.com,+1-376-711-2456,39,Detroit,Plumber,53.8,2024-12-28T15:22:44Z
U0447,user,Jessica Garcia,jessica.garcia@poole.biz,+1-924-697-6744,39,Milwaukee,Construction Manager,75.5,2025-02-27T15:22:44Z
U0448,user,Teresa Burgess,teresa.burgess@johnson.com,+1-912-277-4254,23,Philadelphia,Architect,59.8,2023-10-09T15:22:44Z
U0449,user,Benjamin Thompson,benjamin.thompson@grant-andrews.com,+1-500-828-2346,38,Charlotte,Real Estate Agent,82.6,2024-12-10T15:22:44Z
U0450,user,Jennifer Hayes,jennifer.hayes@hamilton-smith.com,+1-421-348-1203,36,San Francisco,Software Engineer,85.8,2024-04-11T15:22:44Z
U0451,user,Margaret Montgomery,margaret.montgomery@richards.net,+1-469-641-7065,41,San Francisco,Data Scientist,54.0,2025-06-01T15:22:44Z
U0452,user,Richard Turner,richard.turner@campbell.biz,+1-429-676-5409,54,Houston,Real Estate Agent,61.9,2024-03-27T15:22:44Z
U0453,user,Matthew Wells,matthew.wells@robinson.net,+1-898-562-2071,64,Seattle,Electrician,25.2,2025-07-21T15:22:44Z
U0454,user,Mark Evans,mark.evans@wong.net,+1-616-347-9841,61,Boston,Software Engineer,97.1,2025-06-25T15:22:44Z
U0455,user,Andrew Armstrong,andrew.armstrong@medina-arroyo.com,+1-230-864-9109,64,San Diego,Data Scientist,8.9,2024-07-01T15:22:44Z
U0456,user,Patrick Swanson,patrick.swanson@gutierrez.net,+1-640-458-9186,23,Jacksonville,Graphic Designer,40.1,2024-12-29T15:22:44Z
U0457,user,Clinton Jensen,clinton.jensen@lee-white.org,+1-582-297-3760,18,Raleigh,Software Engineer,0.5,2024-07-21T15:22:44Z
U0458,user,Sarah Randolph,sarah.randolph@murray.com,+1-299-899-3534,56,Portland,Electrician,17.7,2024-05-24T15:22:44Z
U0459,user,Craig Carpenter,craig.carpenter@howard-lambert.com,+1-384-804-9494,28,San Antonio,Doctor,19.3,2025-03-13T15:22:44Z
U0460,user,Manuel Mccullough,manuel.mccullough@tucker-murphy.com,+1-691-875-2618,51,Philadelphia,Dentist,65.5,2024-02-26T15:22:44Z
U0461,user,Brittany Knight,brittany.knight@benjamin-jackson.com,+1-841-636-7623,45,Las Vegas,Financial Analyst,49.0,2024-04-02T15:22:44Z
U0462,user,Daniel Singh,daniel.singh@hill-ward.com,+1-494-989-1903,51,Chicago,Nurse,94.7,2024-10-08T15:22:44Z
U0463,user,Julie Howard,julie.howard@tucker-rodriguez.org,+1-644-956-9329,51,Jacksonville,Lawyer,37.1,2023-09-03T15:22:44Z
U0464,user,Douglas Serrano,douglas.serrano@gonzalez.com,+1-931-408-9114,31,New York,Marketing Manager,92.2,2025-01-20T15:22:44Z
U0465,user,Sarah Welch,sarah.welch@riley.com,+1-841-517-4356,59,Seattle,Web Developer,69.0,2024-06-19T15:22:44Z
U0466,user,Kimberly Lutz,kimberly.lutz@valdez-hernandez.biz,+1-317-318-3603,68,Miami,Financial Analyst,18.3,2024-09-17T15:22:44Z
U0467,user,Raymond Quinn,raymond.quinn@anderson-mason.com,+1-749-493-5664,54,Indianapolis,Sales Representative,76.1,2024-07-10T15:22:44Z
U0468,user,Jonathan Bates,jonathan.bates@sutton.com,+1-269-447-8142,57,Portland,Real Estate Agent,73.8,2024-05-23T15:22:44Z
U0469,user,Travis Hopkins,travis.hopkins@fitzgerald.com,+1-456-379-6736,47,Fort Worth,Mechanic,5.6,2024-07-25T15:22:44Z
U0470,user,Philip Hall,philip.hall@wood-williams.com,+1-938-649-1414,46,Phoenix,Police Officer,60.2,2024-10-28T15:22:44Z
U0471,user,Rebecca Hughes,rebecca.hughes@keith-williams.com,+1-529-579-1629,27,San Antonio,Dentist,23.4,2024-07-24T15:22:44Z
U0472,user,Warren Schultz,warren.schultz@davenport-baker.net,+1-843-236-9938,22,Los Angeles,Mechanic,82.4,2024-04-18T15:22:44Z
U0473,user,Jamie Gray,jamie.gray@valdez.biz,+1-597-463-3626,41,Los Angeles,Web Developer,80.5,2025-03-24T15:22:44Z
U0474,user,Courtney Sullivan,courtney.sullivan@tucker-olson.org,+1-841-561-4409,43,Louisville,Web Developer,46.1,2024-05-12T15:22:44Z
U0475,user,Stephen Gonzales,stephen.gonzales@jones.com,+1-399-946-6954,47,Louisville,Construction Manager,64.4,2025-01-12T15:22:44Z
U0476,user,Cody Cox,cody.cox@montoya.com,+1-875-593-9478,45,Jacksonville,Real Estate Agent,2.4,2025-01-19T15:22:44Z
U0477,user,Karen Mendoza,karen.mendoza@garza.biz,+1-524-679-5025,65,Dallas,Consultant,93.1,2024-09-29T15:22:44Z
U0478,user,Andrew Berry,andrew.berry@taylor.com,+1-254-539-2473,38,Detroit,Nurse,74.4,2025-01-12T15:22:44Z
U0479,user,Bridget Jackson,bridget.jackson@black.org,+1-775-363-3490,28,Louisville,Sales Representative,53.2,2023-11-24T15:22:44Z
U0480,user,Marcia Johns,marcia.johns@stanley.info,+1-655-299-1645,26,Las Vegas,Doctor,37.9,2025-02-25T15:22:44Z
U0481,user,Kaitlin Olson,kaitlin.olson@greer.com,+1-578-270-3903,26,Washington,Dentist,39.4,2025-03-18T15:22:44Z
U0482,user,Samantha White,samantha.white@dixon.info,+1-285-563-9105,19,Louisville,Accountant,36.5,2024-12-03T15:22:44Z
U0483,user,Andrea Gray,andrea.gray@rodriguez.net,+1-864-444-6023,34,Milwaukee,Web Developer,33.8,2024-11-12T15:22:44Z
U0484,user,Kathy Barnes,kathy.barnes@jacobs.info,+1-911-888-5428,62,Las Vegas,Data Scientist,36.7,2024-03-12T15:22:44Z
U0485,user,Linda Rich,linda.rich@gordon.com,+1-721-316-1376,69,Dallas,Consultant,10.7,2025-06-03T15:22:44Z
U0486,user,Kimberly Smith,kimberly.smith@banks.com,+1-209-940-1220,65,Nashville,Plumber,7.0,2023-12-31T15:22:44Z
U0487,user,Jessica Mays,jessica.mays@clarke-james.org,+1-283-390-2502,63,Philadelphia,Software Engineer,43.3,2023-09-16T15:22:44Z
U0488,user,Susan Hood,susan.hood@davis.com,+1-402-925-9115,56,Jacksonville,Doctor,28.8,2023-09-26T15:22:44Z
U0489,user,Angela George,angela.george@ortiz.com,+1-919-979-2241,30,Jacksonville,Data Scientist,75.6,2024-12-28T15:22:44Z
U0490,user,Autumn Smith,autumn.smith@harris.com,+1-423-636-5111,70,Detroit,Engineer,24.1,2025-08-11T15:22:44Z
U0491,user,Matthew King,matthew.king@henderson.biz,+1-281-890-8306,18,Philadelphia,Data Scientist,58.8,2024-08-13T15:22:44Z
U0492,user,Jennifer Bowers,jennifer.bowers@white-hansen.info,+1-981-700-6135,52,Fort Worth,Police Officer,58.7,2025-07-06T15:22:44Z
U0493,user,Eric Cooper,eric.cooper@sanders.com,+1-594-629-1401,26,Boston,HR Specialist,99.0,2023-11-10T15:22:44Z
U0494,user,Jillian Lyons,jillian.lyons@garcia.biz,+1-807-388-4555,24,Los Angeles,HR Specialist,47.2,2024-11-14T15:22:44Z
U0495,user,Rebecca Mendez,rebecca.mendez@mann.com,+1-645-363-8984,60,Houston,Construction Manager,96.1,2025-06-11T15:22:44Z
U0496,user,Samantha Ruiz,samantha.ruiz@graham.com,+1-942-582-3099,41,Kansas City,Financial Analyst,1.8,2024-08-05T15:22:44Z
U0497,user,Misty Arias,misty.arias@mendez-meyer.org,+1-539-915-4184,26,Boston,Mechanic,57.2,2024-12-27T15:22:44Z
U0498,user,Raymond Thompson,raymond.thompson@gonzales-harris.net,+1-817-945-5358,22,Milwaukee,HR Specialist,77.7,2024-11-09T15:22:44Z
U0499,user,Andrew Greene,andrew.greene@hale.com,+1-819-749-4277,70,Fort Worth,Plumber,60.5,2024-10-20T15:22:44Z
U0500,user,Aaron Moore,aaron.moore@chan-gomez.biz,+1-859-980-7904,23,Portland,Real Estate Agent,77.6,2025-03-20T15:22:44Z
