~id,~label,type:String,balance:Double,bank_name:String,status:String,created_date:Date,fraud_flag:Boolean
A000101,account,checking,27696.58,Capital One,active,2024-06-02T15:22:44Z,False
A000102,account,credit,-16966.4,Wells Fargo,active,2023-06-20T15:22:44Z,False
A000201,account,checking,5201.35,Wells Fargo,active,2025-02-08T15:22:44Z,False
A000202,account,credit,-22263.0,Capital One,active,2025-05-05T15:22:44Z,True
A000301,account,checking,13870.5,U.S. Bank,active,2024-04-10T15:22:44Z,False
A000401,account,checking,8964.1,Capital One,active,2022-12-01T15:22:44Z,False
A000501,account,checking,41580.96,Wells Fargo,active,2023-05-03T15:22:44Z,False
A000601,account,credit,-20309.0,Wells Fargo,active,2025-04-29T15:22:44Z,False
A000602,account,credit,-16765.31,Bank of America,active,2023-10-26T15:22:44Z,False
A000603,account,credit,-819.59,Regions Bank,active,2023-10-26T15:22:44Z,False
A000701,account,savings,58918.6,Fifth Third Bank,active,2025-03-26T15:22:44Z,False
A000702,account,checking,22821.1,Citibank,active,2024-03-03T15:22:44Z,False
A000801,account,credit,-41993.21,BB&T,active,2024-06-08T15:22:44Z,False
A000802,account,savings,399080.14,Regions Bank,active,2025-02-11T15:22:44Z,False
A000901,account,credit,-40652.01,PNC Bank,active,2025-01-29T15:22:44Z,False
A000902,account,checking,33568.0,TD Bank,active,2024-02-25T15:22:44Z,False
A001001,account,checking,21209.64,TD Bank,active,2023-11-07T15:22:44Z,False
A001101,account,checking,6913.08,Huntington Bank,active,2024-07-21T15:22:44Z,False
A001102,account,credit,-17346.51,Capital One,active,2023-09-17T15:22:44Z,False
A001103,account,credit,-8005.41,TD Bank,active,2025-02-28T15:22:44Z,True
A001104,account,savings,398144.56,Citibank,active,2024-10-23T15:22:44Z,True
A001201,account,checking,43753.01,Chase Bank,active,2024-05-15T15:22:44Z,False
A001202,account,savings,220095.88,Wells Fargo,active,2023-06-16T15:22:44Z,False
A001203,account,savings,405540.66,SunTrust Bank,active,2023-09-13T15:22:44Z,False
A001301,account,credit,-35368.27,SunTrust Bank,active,2024-11-18T15:22:44Z,False
A001401,account,checking,41441.24,KeyBank,active,2023-04-08T15:22:44Z,False
A001501,account,checking,22789.31,TD Bank,active,2024-09-17T15:22:44Z,False
A001502,account,credit,-45342.92,TD Bank,active,2023-11-07T15:22:44Z,False
A001601,account,credit,-10805.51,TD Bank,active,2025-08-02T15:22:44Z,False
A001701,account,savings,297246.07,BB&T,active,2023-09-22T15:22:44Z,False
A001702,account,savings,348102.96,Huntington Bank,active,2025-04-17T15:22:44Z,False
A001801,account,credit,-49576.26,Regions Bank,active,2025-03-03T15:22:44Z,False
A001901,account,checking,39574.73,Citibank,active,2024-11-08T15:22:44Z,False
A001902,account,savings,277144.92,SunTrust Bank,active,2023-08-11T15:22:44Z,False
A001903,account,credit,-48658.78,Huntington Bank,active,2023-10-14T15:22:44Z,False
A001904,account,savings,259356.81,BB&T,active,2025-02-06T15:22:44Z,False
A002001,account,checking,47727.2,KeyBank,active,2025-06-05T15:22:44Z,True
A002002,account,savings,7882.92,Citibank,active,2025-07-09T15:22:44Z,False
A002101,account,savings,462389.25,Wells Fargo,active,2024-05-11T15:22:44Z,False
A002201,account,credit,-37037.65,PNC Bank,active,2025-04-11T15:22:44Z,False
A002202,account,checking,36673.5,Wells Fargo,active,2023-06-21T15:22:44Z,False
A002301,account,checking,18262.43,Bank of America,active,2025-02-16T15:22:44Z,False
A002401,account,savings,90492.83,KeyBank,active,2024-03-08T15:22:44Z,False
A002402,account,checking,3539.43,TD Bank,active,2023-03-16T15:22:44Z,False
A002501,account,credit,-11975.89,Citibank,active,2025-03-17T15:22:44Z,True
A002502,account,checking,1293.12,BB&T,active,2024-08-29T15:22:44Z,False
A002503,account,credit,-6140.07,PNC Bank,active,2025-08-17T15:22:44Z,False
A002601,account,savings,290804.54,BB&T,active,2025-04-04T15:22:44Z,False
A002602,account,checking,3834.04,SunTrust Bank,active,2025-06-16T15:22:44Z,False
A002603,account,savings,119149.1,U.S. Bank,active,2023-03-31T15:22:44Z,False
A002604,account,checking,35066.21,Fifth Third Bank,active,2024-09-18T15:22:44Z,False
A002701,account,savings,79650.07,Regions Bank,active,2024-10-11T15:22:44Z,False
A002702,account,credit,-19834.88,Citibank,active,2023-04-16T15:22:44Z,False
A002703,account,savings,46515.24,Citibank,active,2022-12-01T15:22:44Z,False
A002801,account,credit,-3121.26,Wells Fargo,active,2023-12-31T15:22:44Z,False
A002802,account,savings,11878.29,Wells Fargo,active,2025-01-28T15:22:44Z,False
A002901,account,checking,8723.08,Citibank,active,2023-01-31T15:22:44Z,False
A002902,account,checking,22355.97,Bank of America,active,2025-07-14T15:22:44Z,False
A003001,account,credit,-37542.61,KeyBank,active,2024-02-09T15:22:44Z,False
A003002,account,checking,39117.6,PNC Bank,active,2024-04-14T15:22:44Z,False
A003101,account,checking,26518.67,KeyBank,active,2023-12-29T15:22:44Z,False
A003201,account,savings,245727.77,Wells Fargo,active,2025-06-22T15:22:44Z,False
A003202,account,savings,10944.07,TD Bank,active,2025-08-18T15:22:44Z,False
A003301,account,credit,-2565.32,KeyBank,active,2023-11-03T15:22:44Z,False
A003302,account,credit,-34135.83,Fifth Third Bank,active,2022-12-01T15:22:44Z,False
A003303,account,credit,-10650.41,Citibank,active,2023-10-07T15:22:44Z,False
A003304,account,savings,189813.67,Fifth Third Bank,active,2023-09-13T15:22:44Z,False
A003401,account,savings,411009.24,Regions Bank,active,2023-11-03T15:22:44Z,False
A003501,account,savings,414574.68,KeyBank,active,2023-03-18T15:22:44Z,False
A003502,account,credit,-38720.86,TD Bank,active,2025-06-04T15:22:44Z,False
A003601,account,credit,-5338.69,Fifth Third Bank,active,2025-07-18T15:22:44Z,False
A003602,account,credit,-41750.14,Capital One,active,2025-03-11T15:22:44Z,True
A003701,account,checking,41212.48,Regions Bank,active,2023-12-13T15:22:44Z,False
A003702,account,savings,13842.11,Bank of America,active,2023-11-04T15:22:44Z,False
A003801,account,checking,2326.38,TD Bank,active,2024-04-29T15:22:44Z,False
A003802,account,checking,28255.9,Bank of America,active,2023-07-10T15:22:44Z,False
A003901,account,checking,28678.44,Citibank,active,2024-04-18T15:22:44Z,False
A003902,account,checking,45148.58,Fifth Third Bank,active,2025-07-14T15:22:44Z,False
A003903,account,credit,-9977.48,Regions Bank,active,2023-11-22T15:22:44Z,False
A004001,account,savings,393488.77,SunTrust Bank,active,2023-12-26T15:22:44Z,False
A004002,account,checking,5714.69,Bank of America,active,2025-03-20T15:22:44Z,False
A004101,account,checking,44489.75,PNC Bank,active,2023-09-11T15:22:44Z,False
A004102,account,credit,-26239.09,U.S. Bank,active,2023-02-12T15:22:44Z,False
A004201,account,checking,37073.15,KeyBank,active,2024-03-08T15:22:44Z,False
A004202,account,savings,258119.58,Bank of America,active,2025-06-12T15:22:44Z,False
A004301,account,checking,8961.43,Huntington Bank,active,2024-04-20T15:22:44Z,False
A004302,account,checking,17278.03,Huntington Bank,active,2023-02-15T15:22:44Z,False
A004401,account,credit,-17862.98,Capital One,active,2023-02-14T15:22:44Z,False
A004402,account,checking,23004.0,Citibank,active,2024-04-28T15:22:44Z,False
A004403,account,credit,-8784.46,Capital One,active,2023-12-29T15:22:44Z,False
A004501,account,credit,-29795.08,PNC Bank,active,2023-09-21T15:22:44Z,False
A004502,account,savings,328044.88,U.S. Bank,active,2024-11-26T15:22:44Z,False
A004503,account,checking,19474.92,Chase Bank,active,2023-12-30T15:22:44Z,False
A004601,account,savings,473514.77,PNC Bank,active,2023-10-18T15:22:44Z,True
A004602,account,checking,11244.06,Huntington Bank,active,2024-10-08T15:22:44Z,False
A004603,account,checking,18646.95,SunTrust Bank,active,2024-10-21T15:22:44Z,False
A004701,account,checking,2797.69,Huntington Bank,active,2025-03-17T15:22:44Z,False
A004702,account,savings,171992.27,SunTrust Bank,active,2023-02-16T15:22:44Z,False
A004801,account,savings,65573.57,Capital One,active,2023-11-09T15:22:44Z,False
A004802,account,checking,48269.86,Capital One,active,2025-08-14T15:22:44Z,True
A004803,account,savings,365598.88,Chase Bank,active,2023-02-17T15:22:44Z,False
A004901,account,checking,49807.33,TD Bank,active,2024-08-16T15:22:44Z,False
A004902,account,savings,474094.09,KeyBank,active,2024-07-01T15:22:44Z,True
A004903,account,savings,363857.25,Bank of America,active,2025-01-14T15:22:44Z,False
A004904,account,credit,-24768.32,Wells Fargo,active,2024-08-08T15:22:44Z,False
A005001,account,savings,151257.11,Regions Bank,active,2025-05-07T15:22:44Z,False
A005002,account,checking,31177.61,Fifth Third Bank,active,2025-03-31T15:22:44Z,False
A005101,account,credit,-25294.8,Wells Fargo,active,2023-06-12T15:22:44Z,False
A005102,account,credit,-13821.19,U.S. Bank,active,2023-10-29T15:22:44Z,False
A005103,account,checking,13279.84,Chase Bank,active,2025-05-08T15:22:44Z,False
A005201,account,checking,41801.85,Fifth Third Bank,active,2023-03-31T15:22:44Z,False
A005202,account,checking,32477.44,KeyBank,active,2025-03-01T15:22:44Z,False
A005203,account,credit,-13679.44,Huntington Bank,active,2025-03-08T15:22:44Z,False
A005204,account,credit,-25866.26,SunTrust Bank,active,2023-09-24T15:22:44Z,False
A005301,account,credit,-6342.82,BB&T,active,2024-03-01T15:22:44Z,False
A005401,account,savings,275697.29,Capital One,active,2024-07-02T15:22:44Z,False
A005501,account,savings,279008.37,Chase Bank,active,2023-04-26T15:22:44Z,True
A005502,account,credit,-1841.44,Regions Bank,active,2024-10-11T15:22:44Z,False
A005601,account,checking,35134.59,Chase Bank,active,2023-02-12T15:22:44Z,False
A005602,account,savings,411097.49,Fifth Third Bank,active,2023-08-11T15:22:44Z,False
A005701,account,credit,-43268.2,TD Bank,active,2025-08-14T15:22:44Z,False
A005702,account,savings,277059.94,Capital One,active,2023-04-13T15:22:44Z,False
A005801,account,credit,-13159.07,BB&T,active,2023-11-10T15:22:44Z,False
A005802,account,savings,312459.63,U.S. Bank,active,2023-09-15T15:22:44Z,False
A005803,account,credit,-43366.41,Fifth Third Bank,active,2023-10-23T15:22:44Z,False
A005901,account,savings,335456.84,Citibank,active,2024-11-18T15:22:44Z,False
A005902,account,savings,491782.66,Regions Bank,active,2024-12-05T15:22:44Z,False
A006001,account,credit,-47651.01,Capital One,active,2024-07-18T15:22:44Z,False
A006101,account,savings,367804.66,Wells Fargo,active,2024-07-28T15:22:44Z,True
A006201,account,credit,-34107.05,Citibank,active,2022-12-13T15:22:44Z,False
A006202,account,savings,393342.86,Bank of America,active,2024-06-19T15:22:44Z,False
A006301,account,credit,-19314.95,SunTrust Bank,active,2024-12-12T15:22:44Z,False
A006401,account,credit,-46726.41,Regions Bank,active,2023-11-13T15:22:44Z,False
A006402,account,credit,-28789.53,Wells Fargo,active,2025-01-20T15:22:44Z,False
A006501,account,credit,-44084.71,Chase Bank,active,2023-11-01T15:22:44Z,False
A006601,account,credit,-48459.04,Bank of America,active,2024-02-19T15:22:44Z,False
A006602,account,credit,-30450.37,KeyBank,active,2023-04-02T15:22:44Z,False
A006701,account,credit,-26936.74,BB&T,active,2025-06-05T15:22:44Z,False
A006702,account,savings,126093.12,Citibank,active,2023-08-06T15:22:44Z,False
A006703,account,checking,17921.2,Regions Bank,active,2023-10-17T15:22:44Z,False
A006801,account,savings,356387.36,Regions Bank,active,2024-05-29T15:22:44Z,False
A006901,account,savings,446160.49,Huntington Bank,active,2024-03-17T15:22:44Z,False
A007001,account,credit,-15791.92,KeyBank,active,2024-03-10T15:22:44Z,False
A007002,account,savings,90393.45,SunTrust Bank,active,2023-10-13T15:22:44Z,False
A007003,account,savings,368223.98,TD Bank,active,2022-12-31T15:22:44Z,False
A007101,account,credit,-18321.65,U.S. Bank,active,2023-04-17T15:22:44Z,False
A007201,account,savings,257756.1,U.S. Bank,active,2025-01-14T15:22:44Z,False
A007301,account,credit,-24367.86,SunTrust Bank,active,2025-03-21T15:22:44Z,True
A007401,account,credit,-8977.34,Bank of America,active,2023-11-19T15:22:44Z,False
A007402,account,checking,8469.31,Regions Bank,active,2024-09-02T15:22:44Z,False
A007501,account,credit,-23035.7,Chase Bank,active,2023-02-12T15:22:44Z,False
A007502,account,credit,-17538.41,BB&T,active,2024-06-14T15:22:44Z,False
A007601,account,savings,142350.07,BB&T,active,2024-06-26T15:22:44Z,False
A007602,account,savings,354865.27,KeyBank,active,2025-08-11T15:22:44Z,False
A007603,account,savings,260361.16,Capital One,active,2023-10-18T15:22:44Z,False
A007604,account,checking,20501.37,Wells Fargo,active,2025-03-13T15:22:44Z,False
A007701,account,savings,427644.46,Regions Bank,active,2025-04-19T15:22:44Z,False
A007702,account,checking,39177.15,Bank of America,active,2025-05-08T15:22:44Z,False
A007801,account,credit,-48112.23,Capital One,active,2023-01-08T15:22:44Z,False
A007802,account,credit,-17191.24,U.S. Bank,active,2023-08-21T15:22:44Z,False
A007901,account,savings,337338.17,PNC Bank,active,2024-12-17T15:22:44Z,False
A008001,account,savings,252081.41,PNC Bank,active,2022-12-23T15:22:44Z,False
A008101,account,savings,400280.54,Capital One,active,2022-12-14T15:22:44Z,False
A008102,account,credit,-49513.84,Huntington Bank,active,2024-11-22T15:22:44Z,False
A008201,account,checking,10418.25,Citibank,active,2023-04-17T15:22:44Z,False
A008202,account,credit,-32198.63,KeyBank,active,2025-05-01T15:22:44Z,False
A008203,account,savings,338230.25,Regions Bank,active,2024-04-01T15:22:44Z,False
A008301,account,checking,19746.47,Regions Bank,active,2023-06-16T15:22:44Z,False
A008401,account,credit,-38571.66,Wells Fargo,active,2023-08-11T15:22:44Z,False
A008402,account,savings,278114.68,Huntington Bank,active,2024-07-24T15:22:44Z,False
A008403,account,credit,-42522.6,KeyBank,active,2025-08-09T15:22:44Z,False
A008404,account,checking,6810.14,Huntington Bank,active,2023-11-12T15:22:44Z,False
A008501,account,checking,6149.75,Huntington Bank,active,2023-09-23T15:22:44Z,False
A008502,account,savings,288850.02,Regions Bank,active,2023-10-24T15:22:44Z,False
A008601,account,checking,39070.6,PNC Bank,active,2023-07-15T15:22:44Z,False
A008602,account,checking,20758.05,Bank of America,active,2023-03-28T15:22:44Z,True
A008701,account,savings,369059.02,TD Bank,active,2023-11-16T15:22:44Z,False
A008702,account,credit,-8074.11,Chase Bank,active,2025-07-14T15:22:44Z,False
A008801,account,savings,152482.88,Chase Bank,active,2024-03-01T15:22:44Z,False
A008802,account,savings,172598.57,TD Bank,active,2024-02-18T15:22:44Z,True
A008901,account,credit,-36406.74,Regions Bank,active,2023-07-20T15:22:44Z,False
A008902,account,checking,20703.9,Huntington Bank,active,2025-06-09T15:22:44Z,False
A008903,account,checking,5606.78,TD Bank,active,2023-11-25T15:22:44Z,False
A009001,account,checking,49898.38,TD Bank,active,2023-09-05T15:22:44Z,False
A009002,account,checking,4103.13,KeyBank,active,2022-12-18T15:22:44Z,False
A009003,account,checking,38805.08,Wells Fargo,active,2024-02-09T15:22:44Z,False
A009101,account,savings,236939.95,Regions Bank,active,2022-12-08T15:22:44Z,False
A009102,account,checking,8014.71,Fifth Third Bank,active,2025-07-06T15:22:44Z,False
A009201,account,checking,34451.49,Bank of America,active,2024-08-03T15:22:44Z,False
A009202,account,savings,79691.53,Wells Fargo,active,2023-09-16T15:22:44Z,False
A009203,account,credit,-46997.38,PNC Bank,active,2023-10-28T15:22:44Z,False
A009301,account,credit,-40668.66,PNC Bank,active,2024-09-21T15:22:44Z,False
A009302,account,checking,43396.33,SunTrust Bank,active,2023-01-25T15:22:44Z,False
A009401,account,checking,9574.49,Regions Bank,active,2024-03-27T15:22:44Z,False
A009402,account,savings,306906.58,PNC Bank,active,2024-06-25T15:22:44Z,False
A009403,account,savings,49031.89,Regions Bank,active,2025-06-11T15:22:44Z,True
A009404,account,savings,90140.76,Chase Bank,active,2025-01-24T15:22:44Z,False
A009501,account,credit,-46964.99,BB&T,active,2023-07-19T15:22:44Z,False
A009502,account,checking,41119.12,KeyBank,active,2023-08-24T15:22:44Z,True
A009601,account,credit,-16737.88,Wells Fargo,active,2025-03-01T15:22:44Z,False
A009602,account,credit,-29922.14,PNC Bank,active,2023-10-15T15:22:44Z,False
A009701,account,checking,1182.9,Huntington Bank,active,2022-12-27T15:22:44Z,False
A009801,account,checking,8727.83,Huntington Bank,active,2023-02-10T15:22:44Z,False
A009802,account,credit,-9024.24,Wells Fargo,active,2023-12-18T15:22:44Z,False
A009803,account,savings,365663.89,SunTrust Bank,active,2024-07-24T15:22:44Z,True
A009901,account,credit,-47940.89,BB&T,active,2024-01-18T15:22:44Z,False
A010001,account,savings,199864.99,Capital One,active,2023-06-18T15:22:44Z,False
A010002,account,savings,240980.33,Citibank,active,2024-04-06T15:22:44Z,False
A010101,account,checking,31196.79,TD Bank,active,2025-07-04T15:22:44Z,False
A010102,account,savings,100642.92,PNC Bank,active,2025-03-12T15:22:44Z,False
A010103,account,savings,57073.5,Chase Bank,active,2024-12-13T15:22:44Z,False
A010201,account,checking,8598.95,U.S. Bank,active,2025-01-25T15:22:44Z,False
A010202,account,credit,-36435.93,TD Bank,active,2023-10-18T15:22:44Z,False
A010301,account,savings,452032.16,TD Bank,active,2023-03-15T15:22:44Z,False
A010302,account,savings,94022.28,BB&T,active,2022-12-03T15:22:44Z,False
A010303,account,credit,-48925.58,Citibank,active,2023-01-17T15:22:44Z,False
A010304,account,checking,24547.65,Fifth Third Bank,active,2025-03-11T15:22:44Z,True
A010401,account,credit,-6364.93,Regions Bank,active,2024-12-29T15:22:44Z,False
A010402,account,credit,-42362.54,U.S. Bank,active,2023-01-30T15:22:44Z,False
A010403,account,checking,27157.46,Citibank,active,2023-10-20T15:22:44Z,False
A010404,account,credit,-15797.57,Citibank,active,2023-03-19T15:22:44Z,False
A010501,account,credit,-3337.5,U.S. Bank,active,2025-03-16T15:22:44Z,False
A010502,account,savings,66641.39,Chase Bank,active,2023-06-30T15:22:44Z,False
A010601,account,savings,204885.99,Chase Bank,active,2023-01-14T15:22:44Z,False
A010701,account,checking,30614.09,Fifth Third Bank,active,2024-01-11T15:22:44Z,False
A010702,account,credit,-17930.31,Fifth Third Bank,active,2023-06-05T15:22:44Z,True
A010703,account,savings,226353.19,Huntington Bank,active,2023-03-04T15:22:44Z,True
A010801,account,credit,-22679.64,Capital One,active,2024-06-21T15:22:44Z,False
A010802,account,savings,90260.41,SunTrust Bank,active,2023-02-12T15:22:44Z,False
A010803,account,savings,441391.68,Wells Fargo,active,2024-12-05T15:22:44Z,False
A010804,account,credit,-4641.88,KeyBank,active,2025-03-04T15:22:44Z,False
A010901,account,savings,384361.9,PNC Bank,active,2024-01-17T15:22:44Z,False
A010902,account,savings,81899.92,Bank of America,active,2025-02-16T15:22:44Z,False
A011001,account,checking,27220.71,Chase Bank,active,2023-12-05T15:22:44Z,False
A011002,account,savings,109220.05,Regions Bank,active,2024-04-18T15:22:44Z,False
A011101,account,savings,25466.65,Capital One,active,2025-02-17T15:22:44Z,False
A011201,account,savings,147123.52,Bank of America,active,2025-04-16T15:22:44Z,False
A011202,account,checking,16527.51,Capital One,active,2024-02-28T15:22:44Z,False
A011203,account,savings,306414.82,Wells Fargo,active,2024-01-11T15:22:44Z,False
A011301,account,savings,59985.36,TD Bank,active,2023-11-17T15:22:44Z,False
A011302,account,credit,-7596.51,KeyBank,active,2023-11-27T15:22:44Z,False
A011303,account,checking,2370.06,PNC Bank,active,2024-01-23T15:22:44Z,False
A011304,account,savings,6637.34,Citibank,active,2023-09-12T15:22:44Z,False
A011401,account,credit,-5203.57,TD Bank,active,2023-06-08T15:22:44Z,False
A011402,account,credit,-47198.89,BB&T,active,2024-10-16T15:22:44Z,False
A011501,account,checking,35521.02,U.S. Bank,active,2024-06-21T15:22:44Z,True
A011502,account,savings,186420.2,Huntington Bank,active,2022-12-19T15:22:44Z,False
A011503,account,credit,-34884.09,Wells Fargo,active,2024-07-31T15:22:44Z,False
A011601,account,checking,19440.65,Huntington Bank,active,2024-03-02T15:22:44Z,False
A011602,account,checking,46623.63,Regions Bank,active,2023-04-03T15:22:44Z,False
A011603,account,savings,167311.59,Chase Bank,active,2025-05-05T15:22:44Z,False
A011701,account,savings,271721.83,BB&T,active,2024-09-26T15:22:44Z,False
A011702,account,credit,-9799.86,SunTrust Bank,active,2024-12-11T15:22:44Z,False
A011801,account,credit,-15031.73,SunTrust Bank,active,2024-08-19T15:22:44Z,False
A011802,account,savings,356736.44,Regions Bank,active,2023-05-13T15:22:44Z,False
A011901,account,savings,141846.43,PNC Bank,active,2023-12-09T15:22:44Z,False
A011902,account,credit,-44853.39,Huntington Bank,active,2023-08-18T15:22:44Z,False
A012001,account,checking,28403.84,PNC Bank,active,2024-02-08T15:22:44Z,False
A012002,account,savings,331643.52,Wells Fargo,active,2023-07-23T15:22:44Z,False
A012101,account,savings,443743.51,KeyBank,active,2023-11-06T15:22:44Z,False
A012201,account,checking,42397.07,Huntington Bank,active,2024-10-21T15:22:44Z,True
A012202,account,credit,-1605.02,Chase Bank,active,2023-08-29T15:22:44Z,False
A012203,account,checking,5573.95,U.S. Bank,active,2023-03-16T15:22:44Z,True
A012204,account,checking,35140.87,Capital One,active,2023-11-17T15:22:44Z,False
A012301,account,credit,-5755.57,Regions Bank,active,2024-05-28T15:22:44Z,False
A012401,account,checking,17829.83,Bank of America,active,2024-06-10T15:22:44Z,False
A012402,account,credit,-25092.15,Fifth Third Bank,active,2024-12-19T15:22:44Z,False
A012403,account,checking,20600.81,BB&T,active,2024-01-06T15:22:44Z,False
A012501,account,savings,234965.54,BB&T,active,2023-02-03T15:22:44Z,False
A012502,account,credit,-33424.3,PNC Bank,active,2022-12-09T15:22:44Z,False
A012601,account,checking,4217.26,BB&T,active,2025-06-01T15:22:44Z,False
A012701,account,credit,-6899.28,PNC Bank,active,2025-05-24T15:22:44Z,False
A012702,account,credit,-3302.91,Bank of America,active,2023-04-14T15:22:44Z,False
A012801,account,checking,19162.0,PNC Bank,active,2022-12-08T15:22:44Z,False
A012901,account,savings,263106.87,Regions Bank,active,2024-05-19T15:22:44Z,False
A013001,account,credit,-3190.9,Regions Bank,active,2024-05-11T15:22:44Z,False
A013101,account,savings,305540.64,Bank of America,active,2023-10-28T15:22:44Z,False
A013102,account,savings,270775.45,Capital One,active,2025-01-07T15:22:44Z,False
A013201,account,savings,466513.97,Regions Bank,active,2024-07-15T15:22:44Z,False
A013202,account,credit,-33508.46,Capital One,active,2024-01-08T15:22:44Z,True
A013301,account,credit,-7332.9,PNC Bank,active,2025-05-28T15:22:44Z,False
A013401,account,credit,-38075.74,Capital One,active,2025-06-15T15:22:44Z,False
A013402,account,credit,-34613.46,BB&T,active,2022-12-04T15:22:44Z,False
A013403,account,checking,48332.05,Chase Bank,active,2025-07-12T15:22:44Z,False
A013501,account,credit,-47709.92,Fifth Third Bank,active,2023-10-24T15:22:44Z,False
A013601,account,credit,-16080.11,PNC Bank,active,2025-04-17T15:22:44Z,False
A013602,account,credit,-22705.76,PNC Bank,active,2023-04-15T15:22:44Z,False
A013701,account,savings,8799.53,TD Bank,active,2025-05-28T15:22:44Z,True
A013702,account,savings,463142.34,Fifth Third Bank,active,2023-10-21T15:22:44Z,False
A013801,account,savings,313968.64,KeyBank,active,2024-10-14T15:22:44Z,False
A013802,account,savings,279297.49,Citibank,active,2025-04-20T15:22:44Z,False
A013901,account,savings,243045.64,Wells Fargo,active,2025-06-07T15:22:44Z,False
A014001,account,credit,-27250.46,Capital One,active,2024-08-01T15:22:44Z,False
A014101,account,credit,-7249.8,Wells Fargo,active,2024-06-23T15:22:44Z,False
A014102,account,checking,43123.73,Citibank,active,2023-12-22T15:22:44Z,False
A014201,account,credit,-30283.99,KeyBank,active,2023-05-24T15:22:44Z,False
A014301,account,savings,240411.69,U.S. Bank,active,2025-03-06T15:22:44Z,False
A014302,account,credit,-12635.67,Chase Bank,active,2022-11-23T15:22:44Z,False
A014303,account,savings,437225.32,Capital One,active,2025-02-10T15:22:44Z,False
A014304,account,checking,31377.87,Fifth Third Bank,active,2023-11-09T15:22:44Z,True
A014401,account,savings,183420.0,Bank of America,active,2023-10-25T15:22:44Z,False
A014402,account,savings,280818.35,KeyBank,active,2025-01-21T15:22:44Z,False
A014501,account,checking,17326.81,TD Bank,active,2024-03-23T15:22:44Z,False
A014601,account,checking,44907.5,U.S. Bank,active,2022-12-11T15:22:44Z,False
A014701,account,checking,22248.62,Regions Bank,active,2025-07-28T15:22:44Z,False
A014702,account,savings,11996.27,KeyBank,active,2024-12-24T15:22:44Z,False
A014801,account,savings,75020.83,U.S. Bank,active,2024-05-09T15:22:44Z,False
A014802,account,credit,-3793.42,Fifth Third Bank,active,2024-02-17T15:22:44Z,False
A014803,account,savings,419826.51,Fifth Third Bank,active,2023-02-04T15:22:44Z,False
A014901,account,savings,460296.55,Capital One,active,2023-01-08T15:22:44Z,False
A014902,account,savings,473946.74,PNC Bank,active,2025-03-12T15:22:44Z,True
A015001,account,credit,-7956.15,TD Bank,active,2024-08-18T15:22:44Z,True
A015101,account,savings,487943.91,Capital One,active,2025-01-31T15:22:44Z,False
A015102,account,credit,-19746.11,Chase Bank,active,2023-01-31T15:22:44Z,False
A015201,account,credit,-1481.97,Capital One,active,2023-08-03T15:22:44Z,False
A015301,account,checking,8827.16,TD Bank,active,2023-08-22T15:22:44Z,False
A015302,account,savings,100429.52,Huntington Bank,active,2024-07-24T15:22:44Z,False
A015303,account,checking,2207.42,Huntington Bank,active,2024-10-13T15:22:44Z,False
A015304,account,checking,24755.61,Fifth Third Bank,active,2024-05-01T15:22:44Z,False
A015401,account,checking,43430.46,Regions Bank,active,2023-09-16T15:22:44Z,False
A015402,account,credit,-9085.96,PNC Bank,active,2024-03-12T15:22:44Z,False
A015501,account,checking,2530.87,U.S. Bank,active,2024-02-23T15:22:44Z,False
A015502,account,savings,257419.38,KeyBank,active,2023-11-14T15:22:44Z,False
A015601,account,savings,69337.77,U.S. Bank,active,2024-08-02T15:22:44Z,False
A015602,account,checking,17081.62,Bank of America,active,2025-05-06T15:22:44Z,False
A015603,account,credit,-38944.32,Citibank,active,2023-05-27T15:22:44Z,False
A015701,account,checking,1535.1,Huntington Bank,active,2025-04-19T15:22:44Z,False
A015801,account,savings,391403.04,SunTrust Bank,active,2025-01-20T15:22:44Z,False
A015802,account,savings,93206.13,PNC Bank,active,2025-07-20T15:22:44Z,True
A015901,account,checking,33708.93,Wells Fargo,active,2025-02-14T15:22:44Z,False
A015902,account,checking,21262.18,BB&T,active,2024-12-28T15:22:44Z,False
A016001,account,checking,14600.41,Huntington Bank,active,2024-06-06T15:22:44Z,False
A016101,account,checking,20091.15,SunTrust Bank,active,2025-05-06T15:22:44Z,False
A016201,account,savings,61972.84,TD Bank,active,2024-03-27T15:22:44Z,False
A016202,account,savings,15832.04,Fifth Third Bank,active,2025-06-25T15:22:44Z,False
A016203,account,checking,33937.56,Bank of America,active,2024-07-23T15:22:44Z,False
A016301,account,savings,495365.07,Wells Fargo,active,2024-07-22T15:22:44Z,False
A016302,account,checking,22183.55,Chase Bank,active,2025-07-16T15:22:44Z,False
A016401,account,credit,-16175.61,KeyBank,active,2024-10-31T15:22:44Z,False
A016402,account,savings,295641.24,Bank of America,active,2023-04-14T15:22:44Z,False
A016403,account,credit,-20801.65,KeyBank,active,2023-02-18T15:22:44Z,False
A016404,account,checking,4957.77,PNC Bank,active,2024-08-18T15:22:44Z,False
A016501,account,checking,32922.61,Capital One,active,2024-01-15T15:22:44Z,False
A016502,account,checking,13404.28,Fifth Third Bank,active,2024-04-25T15:22:44Z,False
A016601,account,credit,-45263.32,PNC Bank,active,2024-11-12T15:22:44Z,True
A016602,account,credit,-26236.58,Citibank,active,2024-08-28T15:22:44Z,False
A016603,account,credit,-8813.05,BB&T,active,2023-05-18T15:22:44Z,False
A016701,account,checking,46738.33,Fifth Third Bank,active,2023-11-16T15:22:44Z,True
A016702,account,savings,182773.06,Bank of America,active,2024-12-15T15:22:44Z,False
A016703,account,credit,-11723.5,Huntington Bank,active,2024-05-30T15:22:44Z,False
A016801,account,checking,32967.67,Bank of America,active,2023-10-29T15:22:44Z,False
A016802,account,credit,-25707.9,Chase Bank,active,2025-06-23T15:22:44Z,False
A016803,account,savings,157638.48,U.S. Bank,active,2023-03-15T15:22:44Z,True
A016901,account,checking,20477.94,Huntington Bank,active,2023-12-24T15:22:44Z,True
A016902,account,credit,-31264.75,Wells Fargo,active,2024-09-28T15:22:44Z,False
A016903,account,checking,34168.65,U.S. Bank,active,2023-03-02T15:22:44Z,False
A016904,account,savings,182136.01,Fifth Third Bank,active,2024-08-07T15:22:44Z,False
A017001,account,credit,-43897.31,Huntington Bank,active,2024-12-19T15:22:44Z,False
A017002,account,checking,492.52,Capital One,active,2023-01-12T15:22:44Z,False
A017101,account,savings,412376.03,Fifth Third Bank,active,2024-11-24T15:22:44Z,False
A017102,account,checking,21101.44,Fifth Third Bank,active,2023-05-09T15:22:44Z,False
A017103,account,checking,22717.76,Chase Bank,active,2023-06-30T15:22:44Z,True
A017201,account,credit,-20348.98,PNC Bank,active,2023-05-23T15:22:44Z,False
A017301,account,savings,25841.7,SunTrust Bank,active,2024-06-05T15:22:44Z,False
A017401,account,checking,14469.3,TD Bank,active,2024-07-23T15:22:44Z,False
A017501,account,checking,3745.48,BB&T,active,2025-06-19T15:22:44Z,True
A017502,account,savings,235995.28,PNC Bank,active,2023-12-07T15:22:44Z,False
A017503,account,credit,-14521.7,KeyBank,active,2025-07-03T15:22:44Z,True
A017601,account,savings,250106.1,Huntington Bank,active,2024-11-04T15:22:44Z,False
A017602,account,checking,14217.98,U.S. Bank,active,2023-11-30T15:22:44Z,False
A017701,account,credit,-25740.02,TD Bank,active,2025-04-25T15:22:44Z,False
A017702,account,savings,62703.46,Wells Fargo,active,2025-01-22T15:22:44Z,False
A017703,account,savings,417641.88,Fifth Third Bank,active,2024-03-16T15:22:44Z,False
A017704,account,credit,-5455.27,SunTrust Bank,active,2025-01-13T15:22:44Z,False
A017801,account,checking,16313.28,Fifth Third Bank,active,2023-07-29T15:22:44Z,False
A017802,account,credit,-43533.99,Huntington Bank,active,2025-06-30T15:22:44Z,False
A017901,account,credit,-42293.27,U.S. Bank,active,2024-04-03T15:22:44Z,False
A017902,account,credit,-9682.34,U.S. Bank,active,2023-02-05T15:22:44Z,False
A018001,account,checking,31571.24,Wells Fargo,active,2025-07-08T15:22:44Z,False
A018002,account,checking,33854.36,Regions Bank,active,2023-09-16T15:22:44Z,False
A018101,account,checking,17837.34,SunTrust Bank,active,2025-05-27T15:22:44Z,False
A018102,account,savings,57853.81,Regions Bank,active,2024-05-02T15:22:44Z,False
A018103,account,savings,421612.0,Chase Bank,active,2025-05-25T15:22:44Z,False
A018201,account,checking,34621.13,Huntington Bank,active,2023-10-15T15:22:44Z,False
A018202,account,credit,-13704.43,U.S. Bank,active,2023-11-24T15:22:44Z,False
A018301,account,checking,1188.66,Bank of America,active,2023-02-06T15:22:44Z,False
A018401,account,credit,-19425.24,Regions Bank,active,2023-02-04T15:22:44Z,False
A018402,account,checking,11672.1,Chase Bank,active,2024-02-25T15:22:44Z,True
A018501,account,credit,-33042.35,SunTrust Bank,active,2023-03-29T15:22:44Z,False
A018502,account,credit,-26576.64,U.S. Bank,active,2023-08-09T15:22:44Z,False
A018601,account,credit,-38665.49,BB&T,active,2025-01-01T15:22:44Z,False
A018602,account,checking,39265.8,KeyBank,active,2025-07-02T15:22:44Z,False
A018701,account,credit,-25080.45,Huntington Bank,active,2025-05-09T15:22:44Z,False
A018702,account,checking,16796.92,Bank of America,active,2025-04-15T15:22:44Z,False
A018801,account,savings,69859.17,Capital One,active,2024-06-21T15:22:44Z,False
A018802,account,checking,47596.84,BB&T,active,2023-05-28T15:22:44Z,False
A018901,account,checking,36105.4,PNC Bank,active,2023-01-30T15:22:44Z,False
A018902,account,checking,45020.41,SunTrust Bank,active,2023-01-19T15:22:44Z,False
A019001,account,checking,37876.61,Bank of America,active,2025-07-26T15:22:44Z,True
A019002,account,credit,-20374.82,Citibank,active,2023-04-19T15:22:44Z,False
A019101,account,credit,-16723.97,Huntington Bank,active,2023-12-18T15:22:44Z,False
A019102,account,checking,14298.32,KeyBank,active,2023-05-07T15:22:44Z,False
A019103,account,credit,-43001.43,Capital One,active,2024-03-04T15:22:44Z,False
A019201,account,checking,3995.83,Regions Bank,active,2024-02-27T15:22:44Z,False
A019202,account,credit,-24052.75,Capital One,active,2023-03-10T15:22:44Z,False
A019301,account,savings,373501.66,BB&T,active,2024-08-05T15:22:44Z,False
A019302,account,savings,301198.51,Capital One,active,2025-04-28T15:22:44Z,False
A019401,account,savings,209370.0,SunTrust Bank,active,2024-10-05T15:22:44Z,False
A019501,account,credit,-48759.8,Regions Bank,active,2023-05-26T15:22:44Z,False
A019502,account,checking,28096.11,Wells Fargo,active,2023-10-29T15:22:44Z,False
A019503,account,savings,477628.99,BB&T,active,2024-01-06T15:22:44Z,False
A019601,account,credit,-41592.2,Bank of America,active,2025-02-12T15:22:44Z,False
A019602,account,savings,77959.46,Capital One,active,2023-09-24T15:22:44Z,False
A019603,account,credit,-1943.83,Bank of America,active,2025-07-22T15:22:44Z,False
A019604,account,checking,19557.99,PNC Bank,active,2025-03-26T15:22:44Z,False
A019701,account,savings,242601.58,Capital One,active,2023-11-09T15:22:44Z,False
A019702,account,savings,135310.71,SunTrust Bank,active,2023-09-27T15:22:44Z,False
A019801,account,credit,-35537.53,Bank of America,active,2025-08-18T15:22:44Z,True
A019802,account,checking,13737.82,U.S. Bank,active,2023-04-12T15:22:44Z,False
A019803,account,checking,42137.69,Citibank,active,2023-12-28T15:22:44Z,False
A019804,account,checking,2369.69,Fifth Third Bank,active,2024-02-19T15:22:44Z,False
A019901,account,checking,17147.33,TD Bank,active,2022-12-10T15:22:44Z,False
A020001,account,credit,-17436.68,BB&T,active,2025-07-18T15:22:44Z,False
A020002,account,credit,-27741.16,Wells Fargo,active,2024-08-22T15:22:44Z,False
A020003,account,checking,41390.6,PNC Bank,active,2024-07-18T15:22:44Z,False
A020101,account,checking,45234.93,Fifth Third Bank,active,2023-12-07T15:22:44Z,False
A020201,account,savings,440620.54,Fifth Third Bank,active,2023-06-09T15:22:44Z,False
A020202,account,credit,-48844.12,Fifth Third Bank,active,2023-09-24T15:22:44Z,False
A020203,account,checking,34065.95,TD Bank,active,2025-08-16T15:22:44Z,False
A020204,account,credit,-16345.01,Regions Bank,active,2025-06-26T15:22:44Z,False
A020301,account,checking,4182.26,SunTrust Bank,active,2023-05-14T15:22:44Z,True
A020302,account,credit,-38718.6,Fifth Third Bank,active,2024-06-11T15:22:44Z,False
A020401,account,savings,487288.26,Chase Bank,active,2024-07-28T15:22:44Z,False
A020402,account,credit,-46748.59,Bank of America,active,2025-06-16T15:22:44Z,False
A020501,account,checking,19257.61,KeyBank,active,2024-06-06T15:22:44Z,False
A020502,account,credit,-44936.1,Regions Bank,active,2023-01-01T15:22:44Z,False
A020601,account,checking,24121.83,SunTrust Bank,active,2024-05-20T15:22:44Z,False
A020701,account,checking,48516.53,BB&T,active,2023-12-27T15:22:44Z,False
A020702,account,savings,29601.51,BB&T,active,2023-05-03T15:22:44Z,False
A020801,account,credit,-38486.3,SunTrust Bank,active,2025-01-12T15:22:44Z,False
A020802,account,credit,-11582.58,Huntington Bank,active,2024-09-13T15:22:44Z,False
A020901,account,savings,110253.58,U.S. Bank,active,2023-08-13T15:22:44Z,False
A021001,account,savings,397654.16,Citibank,active,2024-02-20T15:22:44Z,False
A021002,account,checking,15965.79,Capital One,active,2022-11-22T15:22:44Z,False
A021003,account,savings,381778.11,SunTrust Bank,active,2025-02-06T15:22:44Z,False
A021101,account,credit,-12443.19,PNC Bank,active,2024-03-26T15:22:44Z,False
A021102,account,savings,161589.74,PNC Bank,active,2024-02-27T15:22:44Z,False
A021201,account,savings,68030.83,Wells Fargo,active,2024-10-20T15:22:44Z,False
A021301,account,checking,45083.64,U.S. Bank,active,2023-04-09T15:22:44Z,False
A021302,account,credit,-17817.28,KeyBank,active,2024-11-08T15:22:44Z,False
A021401,account,savings,353115.68,Bank of America,active,2023-03-27T15:22:44Z,False
A021402,account,credit,-22843.72,U.S. Bank,active,2025-08-10T15:22:44Z,False
A021403,account,checking,41133.21,KeyBank,active,2024-07-01T15:22:44Z,False
A021501,account,checking,22553.6,BB&T,active,2025-07-19T15:22:44Z,False
A021502,account,credit,-6312.49,U.S. Bank,active,2022-12-27T15:22:44Z,False
A021601,account,checking,28452.73,KeyBank,active,2023-12-10T15:22:44Z,False
A021701,account,savings,100300.37,Capital One,active,2024-11-01T15:22:44Z,False
A021702,account,checking,33012.54,Wells Fargo,active,2024-05-10T15:22:44Z,True
A021801,account,savings,4714.21,Bank of America,active,2024-05-19T15:22:44Z,True
A021802,account,checking,30281.95,Citibank,active,2024-02-27T15:22:44Z,False
A021901,account,credit,-45223.29,Fifth Third Bank,active,2022-12-24T15:22:44Z,True
A022001,account,credit,-15275.71,Fifth Third Bank,active,2024-05-03T15:22:44Z,False
A022101,account,credit,-44974.24,U.S. Bank,active,2025-04-13T15:22:44Z,False
A022102,account,checking,8505.82,Regions Bank,active,2023-06-29T15:22:44Z,True
A022103,account,checking,7759.47,PNC Bank,active,2025-02-17T15:22:44Z,False
A022201,account,checking,38379.0,Citibank,active,2024-07-31T15:22:44Z,False
A022301,account,checking,28146.5,Citibank,active,2023-11-18T15:22:44Z,False
A022302,account,credit,-30246.8,Capital One,active,2025-04-17T15:22:44Z,False
A022303,account,savings,178931.59,Bank of America,active,2025-08-03T15:22:44Z,False
A022401,account,savings,300333.71,Regions Bank,active,2023-09-05T15:22:44Z,False
A022501,account,credit,-46030.52,Bank of America,active,2024-07-31T15:22:44Z,False
A022502,account,savings,76683.62,Citibank,active,2023-10-31T15:22:44Z,True
A022503,account,credit,-20096.24,TD Bank,active,2023-07-24T15:22:44Z,False
A022601,account,savings,270116.56,Regions Bank,active,2024-12-07T15:22:44Z,False
A022602,account,credit,-14024.89,SunTrust Bank,active,2023-03-09T15:22:44Z,False
A022701,account,checking,8291.52,Citibank,active,2024-12-11T15:22:44Z,False
A022702,account,credit,-37551.53,U.S. Bank,active,2024-01-06T15:22:44Z,False
A022703,account,credit,-39929.95,Huntington Bank,active,2023-06-10T15:22:44Z,False
A022801,account,credit,-26537.08,Bank of America,active,2023-01-23T15:22:44Z,False
A022802,account,savings,430965.91,Fifth Third Bank,active,2023-08-07T15:22:44Z,False
A022901,account,credit,-32571.07,Fifth Third Bank,active,2024-04-05T15:22:44Z,False
A022902,account,checking,34853.13,Regions Bank,active,2024-07-20T15:22:44Z,False
A022903,account,credit,-37660.41,TD Bank,active,2025-07-14T15:22:44Z,False
A023001,account,checking,35332.88,Wells Fargo,active,2024-03-06T15:22:44Z,False
A023002,account,checking,8374.6,Capital One,active,2024-12-03T15:22:44Z,False
A023003,account,credit,-1615.83,Regions Bank,active,2023-02-23T15:22:44Z,False
A023004,account,checking,36723.28,KeyBank,active,2023-03-05T15:22:44Z,False
A023101,account,savings,251804.26,Wells Fargo,active,2024-05-14T15:22:44Z,False
A023201,account,savings,293237.55,TD Bank,active,2024-04-09T15:22:44Z,False
A023301,account,checking,37869.89,SunTrust Bank,active,2024-06-05T15:22:44Z,False
A023302,account,credit,-5492.39,PNC Bank,active,2023-05-05T15:22:44Z,False
A023303,account,checking,33287.41,Capital One,active,2023-12-02T15:22:44Z,True
A023304,account,checking,43666.56,KeyBank,active,2025-05-08T15:22:44Z,True
A023401,account,credit,-19370.38,Wells Fargo,active,2024-08-27T15:22:44Z,False
A023402,account,checking,49344.89,Huntington Bank,active,2023-09-02T15:22:44Z,False
A023501,account,savings,376873.01,Regions Bank,active,2023-09-02T15:22:44Z,True
A023601,account,credit,-11683.13,SunTrust Bank,active,2025-06-13T15:22:44Z,False
A023602,account,checking,45517.34,Fifth Third Bank,active,2023-07-27T15:22:44Z,False
A023603,account,credit,-17894.89,BB&T,active,2022-12-03T15:22:44Z,False
A023701,account,savings,260355.94,SunTrust Bank,active,2023-12-23T15:22:44Z,False
A023702,account,checking,558.51,Huntington Bank,active,2024-05-04T15:22:44Z,False
A023703,account,checking,41877.11,TD Bank,active,2023-09-22T15:22:44Z,False
A023801,account,savings,461655.77,KeyBank,active,2025-02-16T15:22:44Z,False
A023802,account,credit,-30409.61,Huntington Bank,active,2023-10-13T15:22:44Z,False
A023803,account,savings,495540.54,BB&T,active,2024-07-13T15:22:44Z,False
A023901,account,savings,105673.41,KeyBank,active,2023-07-14T15:22:44Z,False
A023902,account,credit,-49543.37,Fifth Third Bank,active,2023-03-26T15:22:44Z,False
A024001,account,credit,-2272.23,Regions Bank,active,2023-07-17T15:22:44Z,False
A024002,account,credit,-441.8,Regions Bank,active,2023-10-14T15:22:44Z,True
A024101,account,credit,-12732.04,KeyBank,active,2023-12-20T15:22:44Z,False
A024102,account,checking,49997.71,Fifth Third Bank,active,2024-05-31T15:22:44Z,False
A024201,account,credit,-43795.53,KeyBank,active,2025-01-18T15:22:44Z,False
A024202,account,savings,91151.42,SunTrust Bank,active,2023-09-07T15:22:44Z,False
A024301,account,checking,32991.96,TD Bank,active,2025-03-28T15:22:44Z,False
A024302,account,credit,-34353.2,PNC Bank,active,2023-12-07T15:22:44Z,False
A024303,account,savings,344277.22,Regions Bank,active,2023-05-02T15:22:44Z,True
A024304,account,savings,94848.75,U.S. Bank,active,2023-03-26T15:22:44Z,False
A024401,account,checking,41096.23,PNC Bank,active,2023-06-04T15:22:44Z,False
A024402,account,savings,482044.83,Citibank,active,2025-05-31T15:22:44Z,False
A024501,account,checking,4867.47,PNC Bank,active,2023-09-01T15:22:44Z,False
A024502,account,checking,27621.96,SunTrust Bank,active,2025-05-09T15:22:44Z,False
A024601,account,savings,190021.53,Fifth Third Bank,active,2024-11-18T15:22:44Z,True
A024602,account,credit,-18040.33,PNC Bank,active,2023-08-25T15:22:44Z,False
A024701,account,savings,83391.45,Chase Bank,active,2025-05-24T15:22:44Z,False
A024702,account,credit,-3520.55,KeyBank,active,2023-03-07T15:22:44Z,True
A024703,account,checking,33883.95,Fifth Third Bank,active,2025-04-01T15:22:44Z,False
A024801,account,credit,-4810.07,Bank of America,active,2025-06-03T15:22:44Z,False
A024802,account,savings,257328.56,Chase Bank,active,2024-06-12T15:22:44Z,False
A024901,account,savings,467771.78,SunTrust Bank,active,2023-04-03T15:22:44Z,False
A024902,account,checking,393.97,TD Bank,active,2024-09-16T15:22:44Z,False
A025001,account,checking,444.83,KeyBank,active,2023-10-16T15:22:44Z,False
A025002,account,checking,19828.41,U.S. Bank,active,2024-08-10T15:22:44Z,False
A025101,account,checking,45059.79,Bank of America,active,2023-10-06T15:22:44Z,False
A025102,account,checking,47988.97,U.S. Bank,active,2025-04-19T15:22:44Z,False
A025201,account,credit,-8508.21,Capital One,active,2022-11-23T15:22:44Z,False
A025301,account,credit,-37632.28,Huntington Bank,active,2024-06-05T15:22:44Z,False
A025302,account,credit,-10864.15,Wells Fargo,active,2023-09-01T15:22:44Z,False
A025303,account,credit,-40940.59,Huntington Bank,active,2023-12-22T15:22:44Z,False
A025401,account,checking,35037.93,Citibank,active,2025-01-03T15:22:44Z,False
A025402,account,checking,3161.35,Capital One,active,2023-10-29T15:22:44Z,True
A025501,account,checking,14079.95,SunTrust Bank,active,2025-05-07T15:22:44Z,False
A025601,account,savings,325473.92,Citibank,active,2023-12-29T15:22:44Z,False
A025602,account,savings,66112.22,Fifth Third Bank,active,2023-12-11T15:22:44Z,False
A025701,account,credit,-1243.69,PNC Bank,active,2024-05-16T15:22:44Z,False
A025702,account,savings,455513.74,Wells Fargo,active,2024-04-11T15:22:44Z,False
A025703,account,credit,-10455.74,Bank of America,active,2023-12-14T15:22:44Z,False
A025801,account,savings,148885.48,U.S. Bank,active,2024-01-31T15:22:44Z,False
A025901,account,credit,-1389.07,PNC Bank,active,2025-05-25T15:22:44Z,False
A025902,account,credit,-36798.09,Bank of America,active,2024-06-26T15:22:44Z,False
A026001,account,credit,-39692.05,TD Bank,active,2025-01-05T15:22:44Z,False
A026002,account,savings,291250.24,KeyBank,active,2023-03-24T15:22:44Z,False
A026101,account,savings,442741.27,Huntington Bank,active,2024-07-11T15:22:44Z,False
A026201,account,credit,-3266.11,Bank of America,active,2024-12-07T15:22:44Z,False
A026202,account,checking,7217.52,Regions Bank,active,2023-12-13T15:22:44Z,True
A026203,account,savings,478851.23,Wells Fargo,active,2024-02-10T15:22:44Z,False
A026301,account,savings,272776.41,Wells Fargo,active,2024-03-13T15:22:44Z,False
A026302,account,checking,7177.57,Citibank,active,2025-07-25T15:22:44Z,False
A026303,account,checking,7454.09,Regions Bank,active,2024-10-29T15:22:44Z,False
A026401,account,credit,-9121.87,PNC Bank,active,2023-03-06T15:22:44Z,False
A026402,account,checking,33120.41,U.S. Bank,active,2023-05-11T15:22:44Z,False
A026501,account,checking,30126.98,Regions Bank,active,2024-09-11T15:22:44Z,False
A026502,account,credit,-3919.75,Capital One,active,2024-06-16T15:22:44Z,False
A026601,account,checking,42452.7,Huntington Bank,active,2023-06-13T15:22:44Z,False
A026602,account,checking,23073.38,Huntington Bank,active,2023-03-29T15:22:44Z,False
A026603,account,checking,12200.62,Huntington Bank,active,2025-01-01T15:22:44Z,True
A026604,account,savings,59500.67,Fifth Third Bank,active,2023-08-29T15:22:44Z,False
A026701,account,checking,23562.21,Fifth Third Bank,active,2024-09-07T15:22:44Z,False
A026702,account,credit,-15237.65,U.S. Bank,active,2025-04-27T15:22:44Z,False
A026801,account,credit,-1200.63,SunTrust Bank,active,2023-04-10T15:22:44Z,True
A026802,account,credit,-26578.2,PNC Bank,active,2023-10-20T15:22:44Z,False
A026901,account,credit,-675.3,TD Bank,active,2025-07-03T15:22:44Z,True
A026902,account,savings,471811.06,Chase Bank,active,2024-08-18T15:22:44Z,False
A027001,account,credit,-41947.65,BB&T,active,2024-03-08T15:22:44Z,False
A027101,account,checking,27402.09,KeyBank,active,2023-06-10T15:22:44Z,False
A027102,account,checking,4796.29,PNC Bank,active,2025-02-26T15:22:44Z,False
A027103,account,savings,35012.76,SunTrust Bank,active,2024-08-11T15:22:44Z,False
A027201,account,checking,20106.87,Huntington Bank,active,2023-11-23T15:22:44Z,False
A027301,account,savings,350172.9,BB&T,active,2025-08-10T15:22:44Z,False
A027401,account,checking,5545.04,Bank of America,active,2023-07-31T15:22:44Z,False
A027402,account,checking,38434.01,Citibank,active,2024-07-03T15:22:44Z,False
A027501,account,checking,39499.0,TD Bank,active,2025-01-12T15:22:44Z,True
A027502,account,savings,476369.86,Regions Bank,active,2024-06-11T15:22:44Z,False
A027503,account,credit,-41194.72,Bank of America,active,2025-06-09T15:22:44Z,False
A027504,account,savings,149870.06,Fifth Third Bank,active,2024-05-13T15:22:44Z,False
A027601,account,savings,280893.31,SunTrust Bank,active,2025-01-27T15:22:44Z,True
A027602,account,credit,-21075.53,Bank of America,active,2024-09-21T15:22:44Z,False
A027701,account,savings,174694.69,Citibank,active,2022-11-27T15:22:44Z,False
A027702,account,savings,185757.95,PNC Bank,active,2025-08-02T15:22:44Z,False
A027801,account,credit,-28206.19,U.S. Bank,active,2023-04-06T15:22:44Z,False
A027802,account,credit,-28125.32,U.S. Bank,active,2023-08-31T15:22:44Z,False
A027901,account,checking,20705.44,Huntington Bank,active,2023-10-28T15:22:44Z,False
A027902,account,credit,-30209.57,PNC Bank,active,2023-06-10T15:22:44Z,False
A027903,account,checking,13453.7,Regions Bank,active,2024-11-21T15:22:44Z,False
A027904,account,checking,33697.71,Chase Bank,active,2023-02-09T15:22:44Z,False
A028001,account,credit,-30334.11,Chase Bank,active,2023-05-21T15:22:44Z,False
A028101,account,savings,13794.47,Chase Bank,active,2023-11-14T15:22:44Z,False
A028201,account,checking,38542.54,Regions Bank,active,2025-06-27T15:22:44Z,False
A028202,account,savings,314091.57,Regions Bank,active,2024-01-03T15:22:44Z,False
A028203,account,savings,230104.73,SunTrust Bank,active,2025-04-15T15:22:44Z,False
A028301,account,credit,-4584.88,KeyBank,active,2025-03-07T15:22:44Z,False
A028302,account,savings,451915.45,Regions Bank,active,2024-01-16T15:22:44Z,False
A028303,account,savings,59486.36,PNC Bank,active,2024-08-28T15:22:44Z,False
A028401,account,checking,13755.96,Citibank,active,2022-12-16T15:22:44Z,True
A028402,account,credit,-22425.14,U.S. Bank,active,2024-04-27T15:22:44Z,False
A028403,account,checking,21859.49,Capital One,active,2023-01-17T15:22:44Z,False
A028404,account,savings,99740.35,Huntington Bank,active,2023-02-22T15:22:44Z,False
A028501,account,credit,-32387.33,Chase Bank,active,2025-04-23T15:22:44Z,False
A028502,account,checking,21526.4,Bank of America,active,2024-08-17T15:22:44Z,False
A028503,account,savings,328820.35,PNC Bank,active,2025-03-23T15:22:44Z,False
A028504,account,savings,5806.87,Fifth Third Bank,active,2025-08-07T15:22:44Z,False
A028601,account,checking,15957.39,PNC Bank,active,2025-01-28T15:22:44Z,False
A028602,account,checking,24982.68,U.S. Bank,active,2024-06-13T15:22:44Z,False
A028701,account,savings,169357.54,Chase Bank,active,2025-06-08T15:22:44Z,False
A028702,account,checking,36190.36,U.S. Bank,active,2024-09-28T15:22:44Z,False
A028703,account,checking,4080.38,KeyBank,active,2024-10-02T15:22:44Z,False
A028704,account,savings,197270.42,Fifth Third Bank,active,2024-05-10T15:22:44Z,False
A028801,account,checking,44177.64,Chase Bank,active,2025-04-27T15:22:44Z,True
A028802,account,checking,3844.6,PNC Bank,active,2023-09-14T15:22:44Z,False
A028803,account,checking,13568.61,Bank of America,active,2023-01-14T15:22:44Z,False
A028901,account,credit,-25864.68,Wells Fargo,active,2024-11-21T15:22:44Z,False
A028902,account,credit,-45860.29,BB&T,active,2023-04-16T15:22:44Z,False
A029001,account,savings,457148.51,Citibank,active,2023-01-23T15:22:44Z,False
A029002,account,checking,43406.15,BB&T,active,2025-01-23T15:22:44Z,False
A029003,account,savings,35251.02,Capital One,active,2025-03-03T15:22:44Z,False
A029101,account,credit,-3599.0,Citibank,active,2024-10-21T15:22:44Z,False
A029102,account,savings,297430.53,BB&T,active,2023-12-05T15:22:44Z,False
A029201,account,savings,110724.26,Huntington Bank,active,2023-03-02T15:22:44Z,False
A029202,account,checking,10364.7,KeyBank,active,2025-01-22T15:22:44Z,False
A029301,account,checking,7177.5,Chase Bank,active,2023-10-06T15:22:44Z,False
A029302,account,checking,1139.26,U.S. Bank,active,2023-02-28T15:22:44Z,True
A029401,account,checking,22685.56,Fifth Third Bank,active,2024-08-24T15:22:44Z,False
A029402,account,checking,33204.09,U.S. Bank,active,2024-08-10T15:22:44Z,False
A029403,account,checking,15126.59,PNC Bank,active,2023-02-18T15:22:44Z,False
A029501,account,savings,330024.09,Bank of America,active,2024-08-18T15:22:44Z,False
A029502,account,savings,289214.52,Fifth Third Bank,active,2022-11-26T15:22:44Z,False
A029503,account,savings,372438.19,Citibank,active,2023-01-19T15:22:44Z,False
A029504,account,credit,-44603.42,U.S. Bank,active,2023-03-04T15:22:44Z,False
A029601,account,checking,15535.23,Chase Bank,active,2024-01-03T15:22:44Z,False
A029602,account,checking,41725.16,Wells Fargo,active,2024-06-01T15:22:44Z,False
A029603,account,credit,-1592.35,KeyBank,active,2024-08-28T15:22:44Z,False
A029604,account,savings,249964.58,Regions Bank,active,2025-03-21T15:22:44Z,False
A029701,account,savings,25901.12,Bank of America,active,2024-08-25T15:22:44Z,False
A029702,account,credit,-16733.7,KeyBank,active,2024-01-22T15:22:44Z,False
A029801,account,savings,406042.84,Regions Bank,active,2024-07-19T15:22:44Z,False
A029802,account,savings,446623.79,U.S. Bank,active,2023-12-16T15:22:44Z,False
A029803,account,credit,-28209.19,PNC Bank,active,2023-05-18T15:22:44Z,False
A029804,account,credit,-11616.98,U.S. Bank,active,2025-04-02T15:22:44Z,False
A029901,account,credit,-27904.93,PNC Bank,active,2024-03-21T15:22:44Z,False
A030001,account,checking,4512.61,Bank of America,active,2023-11-28T15:22:44Z,False
A030101,account,credit,-49702.36,KeyBank,active,2023-06-29T15:22:44Z,False
A030201,account,credit,-33434.62,Chase Bank,active,2025-04-16T15:22:44Z,False
A030202,account,credit,-24458.96,Fifth Third Bank,active,2025-06-25T15:22:44Z,False
A030301,account,checking,35985.19,Chase Bank,active,2023-05-17T15:22:44Z,False
A030302,account,credit,-39965.01,Wells Fargo,active,2025-08-18T15:22:44Z,False
A030401,account,savings,463096.18,U.S. Bank,active,2024-06-30T15:22:44Z,False
A030402,account,savings,410315.21,Huntington Bank,active,2023-04-03T15:22:44Z,False
A030501,account,credit,-37965.91,BB&T,active,2023-07-21T15:22:44Z,False
A030502,account,savings,238603.04,U.S. Bank,active,2024-10-26T15:22:44Z,False
A030503,account,credit,-25351.79,Regions Bank,active,2024-11-10T15:22:44Z,False
A030601,account,checking,649.88,U.S. Bank,active,2025-07-15T15:22:44Z,False
A030701,account,savings,179516.08,Huntington Bank,active,2023-03-21T15:22:44Z,False
A030801,account,credit,-33035.45,Fifth Third Bank,active,2023-03-23T15:22:44Z,False
A030802,account,checking,39269.55,Regions Bank,active,2024-10-12T15:22:44Z,False
A030901,account,credit,-37038.7,Fifth Third Bank,active,2024-09-21T15:22:44Z,False
A030902,account,credit,-32595.24,SunTrust Bank,active,2023-04-22T15:22:44Z,False
A030903,account,savings,15731.4,Fifth Third Bank,active,2025-03-09T15:22:44Z,False
A031001,account,savings,364353.42,Capital One,active,2023-07-07T15:22:44Z,False
A031101,account,savings,461851.87,PNC Bank,active,2025-04-30T15:22:44Z,False
A031102,account,checking,6747.51,Regions Bank,active,2024-01-09T15:22:44Z,False
A031201,account,savings,43923.13,Chase Bank,active,2023-11-13T15:22:44Z,False
A031202,account,savings,102566.27,KeyBank,active,2025-03-28T15:22:44Z,False
A031203,account,checking,38741.85,SunTrust Bank,active,2024-02-06T15:22:44Z,False
A031301,account,checking,30962.1,BB&T,active,2023-03-29T15:22:44Z,False
A031302,account,savings,220000.15,Regions Bank,active,2024-07-29T15:22:44Z,False
A031401,account,savings,112786.59,U.S. Bank,active,2023-01-17T15:22:44Z,False
A031402,account,checking,35193.34,Wells Fargo,active,2023-03-09T15:22:44Z,False
A031501,account,savings,291803.48,U.S. Bank,active,2023-10-20T15:22:44Z,True
A031502,account,checking,21128.14,Citibank,active,2024-09-10T15:22:44Z,False
A031601,account,credit,-8249.83,KeyBank,active,2025-07-13T15:22:44Z,False
A031602,account,savings,475003.98,SunTrust Bank,active,2023-07-23T15:22:44Z,False
A031603,account,savings,443871.8,TD Bank,active,2022-12-23T15:22:44Z,False
A031604,account,credit,-47912.95,Chase Bank,active,2024-03-28T15:22:44Z,False
A031701,account,savings,267558.74,Huntington Bank,active,2024-07-26T15:22:44Z,False
A031702,account,credit,-49095.26,TD Bank,active,2025-06-26T15:22:44Z,False
A031703,account,checking,34802.48,Capital One,active,2023-08-31T15:22:44Z,False
A031801,account,savings,294720.12,Citibank,active,2024-06-22T15:22:44Z,False
A031901,account,savings,219839.39,U.S. Bank,active,2025-07-05T15:22:44Z,False
A032001,account,checking,46924.67,Citibank,active,2024-03-30T15:22:44Z,False
A032101,account,credit,-24827.73,Chase Bank,active,2024-08-29T15:22:44Z,False
A032102,account,credit,-2471.83,TD Bank,active,2024-11-05T15:22:44Z,True
A032201,account,savings,349472.63,Regions Bank,active,2023-06-28T15:22:44Z,False
A032301,account,credit,-30803.19,Chase Bank,active,2023-03-19T15:22:44Z,False
A032401,account,checking,46867.47,SunTrust Bank,active,2023-07-08T15:22:44Z,False
A032501,account,checking,39152.37,Fifth Third Bank,active,2023-07-10T15:22:44Z,True
A032502,account,savings,277093.79,Fifth Third Bank,active,2023-01-07T15:22:44Z,False
A032601,account,savings,66804.48,Chase Bank,active,2024-11-04T15:22:44Z,False
A032602,account,checking,4368.29,Citibank,active,2023-06-21T15:22:44Z,False
A032701,account,credit,-49383.04,U.S. Bank,active,2024-01-14T15:22:44Z,False
A032702,account,checking,42394.87,TD Bank,active,2024-05-02T15:22:44Z,True
A032703,account,savings,233753.31,PNC Bank,active,2024-04-14T15:22:44Z,False
A032801,account,checking,13051.09,TD Bank,active,2025-04-10T15:22:44Z,False
A032802,account,savings,74303.99,SunTrust Bank,active,2023-10-17T15:22:44Z,True
A032803,account,savings,327645.81,Bank of America,active,2023-09-18T15:22:44Z,False
A032901,account,savings,300688.84,PNC Bank,active,2025-04-29T15:22:44Z,True
A032902,account,checking,5747.81,Wells Fargo,active,2024-12-19T15:22:44Z,False
A033001,account,checking,16815.79,Capital One,active,2023-02-12T15:22:44Z,False
A033002,account,checking,47129.73,U.S. Bank,active,2023-11-21T15:22:44Z,True
A033101,account,credit,-32797.36,Citibank,active,2024-07-27T15:22:44Z,False
A033102,account,savings,328872.61,Bank of America,active,2024-07-24T15:22:44Z,False
A033103,account,credit,-46077.75,Wells Fargo,active,2022-12-11T15:22:44Z,False
A033201,account,credit,-26383.54,BB&T,active,2024-03-04T15:22:44Z,False
A033202,account,checking,9831.68,SunTrust Bank,active,2024-10-22T15:22:44Z,False
A033203,account,checking,12229.36,KeyBank,active,2022-11-22T15:22:44Z,False
A033301,account,checking,32701.16,SunTrust Bank,active,2024-12-26T15:22:44Z,False
A033302,account,checking,11565.19,Huntington Bank,active,2023-04-25T15:22:44Z,False
A033401,account,savings,41671.47,Capital One,active,2024-03-19T15:22:44Z,False
A033402,account,credit,-25289.99,KeyBank,active,2025-01-28T15:22:44Z,False
A033501,account,savings,434859.94,Huntington Bank,active,2024-06-03T15:22:44Z,True
A033502,account,savings,494976.81,Bank of America,active,2024-03-09T15:22:44Z,False
A033503,account,checking,45222.59,PNC Bank,active,2025-04-10T15:22:44Z,False
A033601,account,savings,37802.52,PNC Bank,active,2022-12-20T15:22:44Z,False
A033602,account,checking,31578.52,Fifth Third Bank,active,2023-04-17T15:22:44Z,False
A033603,account,checking,35035.67,Fifth Third Bank,active,2025-02-12T15:22:44Z,False
A033604,account,credit,-4182.91,BB&T,active,2025-05-25T15:22:44Z,False
A033701,account,savings,116899.51,TD Bank,active,2024-09-03T15:22:44Z,True
A033801,account,savings,407179.6,Fifth Third Bank,active,2023-02-27T15:22:44Z,False
A033802,account,savings,215838.29,U.S. Bank,active,2024-01-08T15:22:44Z,False
A033803,account,checking,5063.38,U.S. Bank,active,2025-03-02T15:22:44Z,False
A033804,account,checking,24383.12,Citibank,active,2023-02-24T15:22:44Z,False
A033901,account,savings,14647.71,Chase Bank,active,2022-12-10T15:22:44Z,False
A033902,account,credit,-10050.4,Chase Bank,active,2024-04-05T15:22:44Z,False
A033903,account,savings,185400.74,U.S. Bank,active,2022-12-28T15:22:44Z,False
A034001,account,checking,24713.45,Wells Fargo,active,2023-03-17T15:22:44Z,False
A034002,account,checking,36608.52,Wells Fargo,active,2022-12-01T15:22:44Z,False
A034101,account,credit,-16395.93,Wells Fargo,active,2023-08-26T15:22:44Z,False
A034102,account,savings,217255.43,Fifth Third Bank,active,2023-05-28T15:22:44Z,False
A034201,account,savings,337000.47,U.S. Bank,active,2024-04-24T15:22:44Z,False
A034202,account,savings,367046.78,U.S. Bank,active,2025-04-06T15:22:44Z,False
A034203,account,savings,475465.55,Huntington Bank,active,2023-08-09T15:22:44Z,False
A034301,account,credit,-20805.05,Regions Bank,active,2024-08-26T15:22:44Z,False
A034302,account,credit,-2283.24,U.S. Bank,active,2023-04-11T15:22:44Z,False
A034401,account,checking,21037.74,TD Bank,active,2024-09-19T15:22:44Z,False
A034501,account,checking,42022.03,Huntington Bank,active,2024-04-05T15:22:44Z,False
A034601,account,checking,20620.33,KeyBank,active,2024-05-23T15:22:44Z,False
A034701,account,checking,11143.37,Bank of America,active,2024-02-17T15:22:44Z,False
A034702,account,credit,-44484.22,SunTrust Bank,active,2023-12-02T15:22:44Z,False
A034801,account,credit,-46826.76,Chase Bank,active,2024-03-05T15:22:44Z,False
A034802,account,credit,-40078.01,Bank of America,active,2023-04-13T15:22:44Z,False
A034803,account,credit,-38533.28,KeyBank,active,2025-03-06T15:22:44Z,False
A034804,account,checking,20728.42,BB&T,active,2023-07-30T15:22:44Z,False
A034901,account,checking,1309.79,Regions Bank,active,2023-06-20T15:22:44Z,False
A035001,account,savings,37871.23,Fifth Third Bank,active,2023-08-29T15:22:44Z,False
A035002,account,checking,1105.69,Fifth Third Bank,active,2023-04-21T15:22:44Z,False
A035003,account,savings,48682.78,SunTrust Bank,active,2023-05-30T15:22:44Z,False
A035101,account,credit,-21189.94,Capital One,active,2024-10-24T15:22:44Z,False
A035201,account,checking,36405.12,PNC Bank,active,2023-06-29T15:22:44Z,False
A035202,account,savings,226682.91,SunTrust Bank,active,2022-11-24T15:22:44Z,True
A035301,account,savings,48599.13,Bank of America,active,2025-01-18T15:22:44Z,False
A035302,account,checking,29711.14,Wells Fargo,active,2025-03-27T15:22:44Z,False
A035303,account,checking,26217.94,Huntington Bank,active,2024-01-16T15:22:44Z,False
A035401,account,checking,43584.25,U.S. Bank,active,2023-09-12T15:22:44Z,False
A035402,account,credit,-10265.21,BB&T,active,2024-03-25T15:22:44Z,False
A035501,account,savings,81884.46,Fifth Third Bank,active,2025-04-16T15:22:44Z,False
A035502,account,checking,43500.48,Wells Fargo,active,2025-07-10T15:22:44Z,False
A035601,account,checking,36025.16,Regions Bank,active,2024-11-14T15:22:44Z,False
A035602,account,credit,-5522.75,SunTrust Bank,active,2023-10-23T15:22:44Z,False
A035701,account,credit,-190.67,Bank of America,active,2025-03-03T15:22:44Z,False
A035702,account,checking,590.08,Capital One,active,2025-02-16T15:22:44Z,False
A035703,account,savings,496661.85,Chase Bank,active,2024-10-03T15:22:44Z,False
A035704,account,savings,347328.54,BB&T,active,2024-05-06T15:22:44Z,False
A035801,account,savings,464011.87,U.S. Bank,active,2024-10-31T15:22:44Z,False
A035802,account,checking,29264.97,U.S. Bank,active,2024-08-07T15:22:44Z,False
A035901,account,checking,8998.43,SunTrust Bank,active,2025-05-06T15:22:44Z,False
A035902,account,credit,-20634.15,KeyBank,active,2024-07-22T15:22:44Z,False
A035903,account,credit,-19761.24,KeyBank,active,2023-07-26T15:22:44Z,False
A036001,account,savings,238256.54,Chase Bank,active,2024-09-21T15:22:44Z,True
A036101,account,checking,18927.75,Capital One,active,2023-08-26T15:22:44Z,False
A036201,account,checking,28068.24,TD Bank,active,2023-09-07T15:22:44Z,False
A036202,account,credit,-43988.01,Capital One,active,2023-10-21T15:22:44Z,False
A036203,account,savings,433203.08,Huntington Bank,active,2024-04-28T15:22:44Z,False
A036301,account,checking,26347.53,Chase Bank,active,2023-12-27T15:22:44Z,False
A036401,account,savings,497873.19,Fifth Third Bank,active,2024-12-02T15:22:44Z,False
A036402,account,savings,485599.21,Huntington Bank,active,2025-07-18T15:22:44Z,False
A036501,account,savings,20058.6,Chase Bank,active,2023-11-30T15:22:44Z,False
A036502,account,savings,353114.15,Bank of America,active,2023-03-11T15:22:44Z,False
A036503,account,savings,210366.72,Huntington Bank,active,2025-04-18T15:22:44Z,True
A036601,account,credit,-7588.5,PNC Bank,active,2023-02-11T15:22:44Z,False
A036602,account,credit,-13893.22,PNC Bank,active,2024-03-08T15:22:44Z,True
A036701,account,checking,2320.97,SunTrust Bank,active,2025-01-27T15:22:44Z,False
A036801,account,credit,-45695.24,TD Bank,active,2025-05-20T15:22:44Z,False
A036802,account,savings,92067.98,Wells Fargo,active,2025-02-09T15:22:44Z,False
A036901,account,credit,-2838.13,U.S. Bank,active,2023-04-14T15:22:44Z,False
A037001,account,credit,-34222.95,Citibank,active,2023-04-16T15:22:44Z,False
A037101,account,checking,38641.29,BB&T,active,2024-05-15T15:22:44Z,False
A037102,account,credit,-8413.48,Chase Bank,active,2022-12-20T15:22:44Z,False
A037201,account,savings,171748.4,BB&T,active,2024-02-01T15:22:44Z,False
A037202,account,checking,4628.8,KeyBank,active,2025-01-15T15:22:44Z,False
A037203,account,checking,13116.21,Wells Fargo,active,2024-03-07T15:22:44Z,False
A037301,account,savings,315106.57,Huntington Bank,active,2023-02-08T15:22:44Z,True
A037302,account,checking,23827.25,PNC Bank,active,2023-10-25T15:22:44Z,False
A037401,account,credit,-15275.08,Fifth Third Bank,active,2024-07-06T15:22:44Z,False
A037402,account,savings,127034.81,PNC Bank,active,2023-12-12T15:22:44Z,False
A037501,account,checking,29694.49,Bank of America,active,2024-03-12T15:22:44Z,False
A037502,account,checking,44341.1,Fifth Third Bank,active,2022-12-27T15:22:44Z,False
A037503,account,credit,-12407.5,Bank of America,active,2023-10-09T15:22:44Z,False
A037504,account,savings,485192.24,U.S. Bank,active,2023-05-30T15:22:44Z,False
A037601,account,savings,93112.23,Huntington Bank,active,2025-01-22T15:22:44Z,False
A037602,account,credit,-37763.37,Regions Bank,active,2024-01-28T15:22:44Z,False
A037701,account,checking,33455.0,Huntington Bank,active,2024-05-01T15:22:44Z,False
A037801,account,credit,-6365.81,SunTrust Bank,active,2024-07-11T15:22:44Z,False
A037802,account,checking,24466.64,Fifth Third Bank,active,2022-11-29T15:22:44Z,False
A037803,account,savings,442908.48,Bank of America,active,2023-06-24T15:22:44Z,False
A037901,account,checking,4733.23,Capital One,active,2023-10-19T15:22:44Z,False
A038001,account,savings,232996.43,Wells Fargo,active,2024-08-29T15:22:44Z,False
A038002,account,savings,328278.43,Capital One,active,2023-05-19T15:22:44Z,False
A038101,account,savings,152174.3,U.S. Bank,active,2023-07-21T15:22:44Z,False
A038102,account,credit,-9643.75,TD Bank,active,2024-03-22T15:22:44Z,False
A038201,account,savings,76043.22,PNC Bank,active,2022-12-22T15:22:44Z,False
A038202,account,credit,-37108.17,BB&T,active,2023-05-09T15:22:44Z,False
A038203,account,checking,21800.91,TD Bank,active,2024-11-03T15:22:44Z,True
A038301,account,savings,271831.5,Bank of America,active,2024-10-22T15:22:44Z,False
A038401,account,savings,88441.59,BB&T,active,2025-05-14T15:22:44Z,False
A038402,account,savings,316827.09,Capital One,active,2023-02-16T15:22:44Z,False
A038403,account,checking,34480.7,Citibank,active,2023-01-21T15:22:44Z,False
A038501,account,credit,-18109.28,Wells Fargo,active,2024-07-23T15:22:44Z,False
A038502,account,credit,-46061.76,Regions Bank,active,2023-07-13T15:22:44Z,False
A038601,account,checking,30817.52,BB&T,active,2023-03-28T15:22:44Z,False
A038602,account,credit,-10052.3,PNC Bank,active,2024-01-09T15:22:44Z,False
A038701,account,credit,-35754.37,Chase Bank,active,2024-06-28T15:22:44Z,False
A038702,account,checking,32894.92,U.S. Bank,active,2024-11-18T15:22:44Z,False
A038703,account,credit,-34092.03,Citibank,active,2024-12-31T15:22:44Z,True
A038704,account,checking,11130.78,SunTrust Bank,active,2024-10-28T15:22:44Z,False
A038801,account,checking,16050.18,Huntington Bank,active,2024-05-20T15:22:44Z,False
A038901,account,credit,-1613.82,Regions Bank,active,2024-04-07T15:22:44Z,False
A039001,account,savings,78794.35,SunTrust Bank,active,2025-03-01T15:22:44Z,False
A039002,account,credit,-28423.46,KeyBank,active,2025-07-26T15:22:44Z,False
A039101,account,savings,106441.28,Wells Fargo,active,2024-01-12T15:22:44Z,False
A039201,account,checking,16038.23,PNC Bank,active,2023-11-12T15:22:44Z,False
A039202,account,credit,-1988.03,KeyBank,active,2023-11-06T15:22:44Z,False
A039203,account,credit,-23374.58,Citibank,active,2023-03-23T15:22:44Z,False
A039204,account,checking,14385.54,TD Bank,active,2025-03-11T15:22:44Z,False
A039301,account,credit,-29095.0,Capital One,active,2024-06-24T15:22:44Z,False
A039302,account,savings,309819.11,Bank of America,active,2023-12-03T15:22:44Z,False
A039401,account,credit,-45451.68,PNC Bank,active,2025-07-26T15:22:44Z,False
A039402,account,credit,-30533.03,BB&T,active,2023-03-18T15:22:44Z,False
A039501,account,savings,447328.38,Citibank,active,2024-01-05T15:22:44Z,False
A039601,account,checking,43617.06,Bank of America,active,2024-12-11T15:22:44Z,False
A039602,account,savings,4434.77,Chase Bank,active,2023-09-20T15:22:44Z,False
A039603,account,credit,-223.27,Huntington Bank,active,2024-07-20T15:22:44Z,True
A039701,account,checking,41432.56,Fifth Third Bank,active,2023-06-23T15:22:44Z,True
A039801,account,credit,-12321.11,Wells Fargo,active,2023-08-10T15:22:44Z,False
A039802,account,checking,32861.2,Bank of America,active,2023-01-27T15:22:44Z,False
A039803,account,checking,10583.24,Wells Fargo,active,2024-09-15T15:22:44Z,False
A039901,account,checking,35008.13,SunTrust Bank,active,2024-11-10T15:22:44Z,False
A039902,account,savings,74863.96,U.S. Bank,active,2025-07-23T15:22:44Z,False
A040001,account,credit,-35256.02,Fifth Third Bank,active,2023-05-17T15:22:44Z,False
A040002,account,savings,304117.26,Huntington Bank,active,2024-07-21T15:22:44Z,False
A040003,account,savings,14974.35,Citibank,active,2023-12-30T15:22:44Z,False
A040101,account,credit,-42206.16,Huntington Bank,active,2024-03-23T15:22:44Z,False
A040102,account,checking,18961.14,TD Bank,active,2023-10-25T15:22:44Z,False
A040103,account,credit,-25897.38,TD Bank,active,2023-02-12T15:22:44Z,False
A040104,account,credit,-2652.59,PNC Bank,active,2024-12-31T15:22:44Z,False
A040201,account,savings,420148.59,Huntington Bank,active,2023-05-03T15:22:44Z,False
A040202,account,credit,-5093.27,Fifth Third Bank,active,2025-01-23T15:22:44Z,False
A040203,account,savings,199847.12,Wells Fargo,active,2022-12-18T15:22:44Z,False
A040204,account,savings,136465.31,BB&T,active,2023-04-05T15:22:44Z,False
A040301,account,credit,-7123.87,Citibank,active,2023-09-12T15:22:44Z,False
A040302,account,savings,21076.16,SunTrust Bank,active,2024-11-19T15:22:44Z,False
A040401,account,credit,-26135.88,Wells Fargo,active,2024-02-16T15:22:44Z,False
A040501,account,credit,-39250.3,TD Bank,active,2024-10-15T15:22:44Z,False
A040601,account,savings,126622.14,Capital One,active,2023-12-12T15:22:44Z,False
A040602,account,credit,-41173.41,BB&T,active,2024-04-11T15:22:44Z,False
A040603,account,credit,-35018.14,Huntington Bank,active,2024-02-21T15:22:44Z,False
A040701,account,checking,44679.02,BB&T,active,2024-04-24T15:22:44Z,False
A040702,account,savings,33714.18,Capital One,active,2023-09-29T15:22:44Z,False
A040801,account,credit,-34730.81,KeyBank,active,2024-02-22T15:22:44Z,False
A040901,account,credit,-16870.46,PNC Bank,active,2022-12-13T15:22:44Z,False
A040902,account,checking,32709.18,KeyBank,active,2024-06-18T15:22:44Z,False
A040903,account,checking,11513.31,U.S. Bank,active,2024-04-22T15:22:44Z,False
A041001,account,checking,38158.49,Chase Bank,active,2023-06-30T15:22:44Z,False
A041002,account,savings,484371.3,PNC Bank,active,2023-10-27T15:22:44Z,False
A041101,account,checking,1281.58,Capital One,active,2023-06-01T15:22:44Z,False
A041201,account,savings,163416.04,TD Bank,active,2022-12-28T15:22:44Z,False
A041301,account,savings,51618.52,Regions Bank,active,2024-09-02T15:22:44Z,False
A041302,account,checking,21962.41,U.S. Bank,active,2025-04-27T15:22:44Z,False
A041401,account,savings,219692.34,PNC Bank,active,2024-01-10T15:22:44Z,False
A041501,account,credit,-14429.87,PNC Bank,active,2022-12-12T15:22:44Z,False
A041502,account,checking,37388.93,Citibank,active,2025-02-11T15:22:44Z,False
A041503,account,savings,230941.04,PNC Bank,active,2025-01-27T15:22:44Z,False
A041601,account,savings,416005.55,Chase Bank,active,2023-01-27T15:22:44Z,False
A041602,account,checking,908.44,Capital One,active,2025-07-17T15:22:44Z,False
A041603,account,checking,39527.86,TD Bank,active,2024-11-02T15:22:44Z,False
A041701,account,savings,287388.7,TD Bank,active,2023-12-03T15:22:44Z,False
A041702,account,savings,376201.77,KeyBank,active,2023-09-18T15:22:44Z,False
A041703,account,checking,23339.19,Fifth Third Bank,active,2025-03-16T15:22:44Z,False
A041801,account,checking,28779.42,Chase Bank,active,2023-11-19T15:22:44Z,False
A041802,account,savings,5260.41,PNC Bank,active,2024-06-07T15:22:44Z,False
A041803,account,savings,292603.86,KeyBank,active,2024-09-18T15:22:44Z,False
A041901,account,savings,14086.02,SunTrust Bank,active,2022-12-25T15:22:44Z,False
A041902,account,savings,270498.05,Wells Fargo,active,2024-09-17T15:22:44Z,False
A042001,account,savings,386400.32,Chase Bank,active,2025-03-31T15:22:44Z,False
A042002,account,checking,6243.19,Capital One,active,2025-07-23T15:22:44Z,False
A042003,account,credit,-7290.59,Citibank,active,2024-07-25T15:22:44Z,True
A042004,account,checking,20018.99,Citibank,active,2023-06-21T15:22:44Z,False
A042101,account,checking,37058.04,PNC Bank,active,2023-07-13T15:22:44Z,False
A042201,account,checking,40190.24,Capital One,active,2022-12-08T15:22:44Z,False
A042301,account,checking,43809.5,Chase Bank,active,2022-12-18T15:22:44Z,False
A042302,account,credit,-17632.02,PNC Bank,active,2025-07-03T15:22:44Z,False
A042401,account,savings,433306.19,Regions Bank,active,2024-10-22T15:22:44Z,False
A042501,account,savings,393491.83,Chase Bank,active,2024-03-27T15:22:44Z,False
A042601,account,savings,456874.89,Chase Bank,active,2024-02-13T15:22:44Z,False
A042701,account,savings,57092.88,TD Bank,active,2024-04-30T15:22:44Z,False
A042702,account,credit,-27979.21,Huntington Bank,active,2023-12-10T15:22:44Z,False
A042801,account,savings,239417.13,Fifth Third Bank,active,2023-04-20T15:22:44Z,False
A042802,account,savings,63790.66,BB&T,active,2025-04-08T15:22:44Z,False
A042901,account,checking,9312.88,Regions Bank,active,2024-10-14T15:22:44Z,False
A043001,account,credit,-42738.95,Fifth Third Bank,active,2023-01-04T15:22:44Z,False
A043002,account,credit,-4699.27,Capital One,active,2023-11-10T15:22:44Z,True
A043101,account,checking,24243.86,PNC Bank,active,2025-02-07T15:22:44Z,False
A043201,account,checking,32807.48,BB&T,active,2023-01-15T15:22:44Z,False
A043301,account,checking,38187.14,U.S. Bank,active,2025-06-15T15:22:44Z,False
A043401,account,checking,6402.33,PNC Bank,active,2024-10-08T15:22:44Z,False
A043402,account,credit,-784.42,Wells Fargo,active,2022-12-03T15:22:44Z,False
A043501,account,savings,281878.62,BB&T,active,2024-02-28T15:22:44Z,True
A043502,account,credit,-31867.19,Citibank,active,2023-09-08T15:22:44Z,False
A043601,account,credit,-42397.45,SunTrust Bank,active,2024-06-10T15:22:44Z,False
A043701,account,checking,117.65,U.S. Bank,active,2023-08-24T15:22:44Z,False
A043702,account,checking,10516.86,Fifth Third Bank,active,2023-11-30T15:22:44Z,False
A043703,account,savings,30551.89,Capital One,active,2025-03-28T15:22:44Z,False
A043801,account,checking,3619.53,U.S. Bank,active,2025-03-28T15:22:44Z,False
A043901,account,savings,260789.52,BB&T,active,2025-05-05T15:22:44Z,False
A044001,account,credit,-32931.14,U.S. Bank,active,2022-12-20T15:22:44Z,False
A044101,account,savings,261896.81,Wells Fargo,active,2023-07-31T15:22:44Z,False
A044102,account,credit,-6745.75,Citibank,active,2023-03-12T15:22:44Z,False
A044103,account,checking,41851.78,Capital One,active,2024-06-13T15:22:44Z,True
A044201,account,savings,7450.13,Fifth Third Bank,active,2023-05-16T15:22:44Z,False
A044202,account,credit,-25251.2,SunTrust Bank,active,2024-05-31T15:22:44Z,False
A044203,account,savings,498653.97,Huntington Bank,active,2023-08-24T15:22:44Z,False
A044204,account,credit,-8129.4,Capital One,active,2023-12-06T15:22:44Z,False
A044301,account,credit,-14534.74,SunTrust Bank,active,2024-06-13T15:22:44Z,False
A044302,account,credit,-12784.51,PNC Bank,active,2023-10-26T15:22:44Z,False
A044401,account,savings,315630.12,PNC Bank,active,2025-05-09T15:22:44Z,False
A044402,account,checking,40114.57,Fifth Third Bank,active,2024-05-08T15:22:44Z,False
A044501,account,credit,-36841.32,KeyBank,active,2025-03-07T15:22:44Z,False
A044502,account,credit,-17585.65,Fifth Third Bank,active,2024-07-04T15:22:44Z,False
A044601,account,checking,5154.78,Fifth Third Bank,active,2025-05-18T15:22:44Z,False
A044602,account,checking,31127.81,Regions Bank,active,2025-02-09T15:22:44Z,False
A044701,account,savings,95705.09,U.S. Bank,active,2023-01-31T15:22:44Z,False
A044702,account,credit,-21975.74,KeyBank,active,2024-01-23T15:22:44Z,False
A044801,account,checking,7373.7,PNC Bank,active,2024-02-20T15:22:44Z,False
A044802,account,savings,460707.9,Wells Fargo,active,2023-04-06T15:22:44Z,False
A044901,account,credit,-366.14,Chase Bank,active,2024-03-30T15:22:44Z,False
A044902,account,credit,-836.89,Citibank,active,2023-03-06T15:22:44Z,False
A045001,account,checking,27860.49,SunTrust Bank,active,2025-02-03T15:22:44Z,False
A045002,account,credit,-20955.22,Regions Bank,active,2024-01-07T15:22:44Z,False
A045003,account,checking,37364.96,Fifth Third Bank,active,2023-05-26T15:22:44Z,False
A045101,account,savings,161509.61,Huntington Bank,active,2023-08-30T15:22:44Z,False
A045102,account,credit,-21052.08,Wells Fargo,active,2023-01-22T15:22:44Z,False
A045103,account,credit,-14582.3,BB&T,active,2024-10-01T15:22:44Z,False
A045104,account,credit,-38608.78,PNC Bank,active,2023-08-15T15:22:44Z,False
A045201,account,savings,476628.84,Bank of America,active,2025-07-27T15:22:44Z,False
A045202,account,credit,-17486.12,PNC Bank,active,2024-04-17T15:22:44Z,False
A045301,account,checking,21598.42,KeyBank,active,2022-12-27T15:22:44Z,False
A045302,account,checking,10838.69,TD Bank,active,2024-10-05T15:22:44Z,False
A045303,account,credit,-34766.95,Citibank,active,2024-01-13T15:22:44Z,False
A045401,account,checking,29413.64,KeyBank,active,2022-11-22T15:22:44Z,True
A045402,account,savings,265356.22,Fifth Third Bank,active,2025-03-06T15:22:44Z,False
A045403,account,savings,489911.19,KeyBank,active,2023-07-03T15:22:44Z,False
A045501,account,credit,-30627.44,Capital One,active,2024-07-24T15:22:44Z,False
A045502,account,savings,423785.51,Bank of America,active,2025-05-12T15:22:44Z,False
A045601,account,credit,-18349.63,PNC Bank,active,2024-05-13T15:22:44Z,False
A045602,account,credit,-37111.61,SunTrust Bank,active,2025-06-17T15:22:44Z,False
A045701,account,credit,-21831.76,Huntington Bank,active,2025-06-08T15:22:44Z,False
A045702,account,savings,318604.4,TD Bank,active,2025-02-13T15:22:44Z,False
A045801,account,savings,254157.04,Huntington Bank,active,2023-05-03T15:22:44Z,False
A045802,account,credit,-48061.29,BB&T,active,2023-02-21T15:22:44Z,False
A045803,account,savings,403795.21,U.S. Bank,active,2023-01-04T15:22:44Z,False
A045901,account,checking,46897.13,Regions Bank,active,2024-02-04T15:22:44Z,False
A045902,account,checking,47206.15,Regions Bank,active,2024-01-29T15:22:44Z,True
A045903,account,savings,183481.06,Citibank,active,2022-12-09T15:22:44Z,False
A045904,account,savings,397232.93,Chase Bank,active,2024-08-17T15:22:44Z,True
A046001,account,credit,-23403.72,Capital One,active,2023-07-05T15:22:44Z,False
A046002,account,savings,141998.22,Bank of America,active,2024-05-17T15:22:44Z,False
A046101,account,credit,-25794.78,Capital One,active,2024-10-09T15:22:44Z,False
A046201,account,credit,-4986.18,BB&T,active,2025-02-22T15:22:44Z,False
A046202,account,credit,-47602.2,Chase Bank,active,2025-07-01T15:22:44Z,False
A046203,account,checking,9493.13,BB&T,active,2025-06-26T15:22:44Z,False
A046301,account,savings,50226.72,Bank of America,active,2023-02-17T15:22:44Z,False
A046401,account,savings,462231.81,Chase Bank,active,2023-02-04T15:22:44Z,False
A046402,account,checking,49221.66,Capital One,active,2023-04-25T15:22:44Z,False
A046403,account,checking,2333.36,Bank of America,active,2023-12-14T15:22:44Z,False
A046404,account,credit,-37090.74,Capital One,active,2023-09-22T15:22:44Z,False
A046501,account,checking,13976.53,Citibank,active,2023-05-05T15:22:44Z,False
A046502,account,checking,30046.47,Regions Bank,active,2023-09-09T15:22:44Z,False
A046503,account,credit,-11643.67,Bank of America,active,2023-10-10T15:22:44Z,False
A046601,account,credit,-37175.04,Regions Bank,active,2023-08-17T15:22:44Z,False
A046701,account,savings,475154.33,BB&T,active,2023-04-05T15:22:44Z,False
A046702,account,savings,259594.55,Chase Bank,active,2024-04-25T15:22:44Z,False
A046703,account,savings,115093.89,Huntington Bank,active,2024-07-17T15:22:44Z,False
A046801,account,savings,331775.5,BB&T,active,2023-06-25T15:22:44Z,False
A046802,account,savings,362730.17,Chase Bank,active,2024-01-14T15:22:44Z,True
A046901,account,checking,25329.17,Citibank,active,2025-02-11T15:22:44Z,False
A047001,account,savings,274014.56,PNC Bank,active,2025-06-21T15:22:44Z,False
A047002,account,savings,205552.16,BB&T,active,2025-08-01T15:22:44Z,False
A047101,account,savings,407039.33,KeyBank,active,2024-01-16T15:22:44Z,False
A047201,account,credit,-30697.26,Regions Bank,active,2023-11-27T15:22:44Z,False
A047202,account,credit,-38116.55,TD Bank,active,2023-11-30T15:22:44Z,False
A047203,account,credit,-27250.79,Bank of America,active,2024-05-10T15:22:44Z,False
A047204,account,checking,11269.61,U.S. Bank,active,2023-11-05T15:22:44Z,False
A047301,account,checking,35563.22,BB&T,active,2023-03-30T15:22:44Z,False
A047401,account,checking,23229.51,PNC Bank,active,2024-09-19T15:22:44Z,False
A047402,account,savings,361930.55,Citibank,active,2024-12-10T15:22:44Z,False
A047501,account,checking,5521.64,Regions Bank,active,2024-05-12T15:22:44Z,False
A047502,account,credit,-29394.11,Citibank,active,2025-01-08T15:22:44Z,False
A047601,account,credit,-41382.96,Fifth Third Bank,active,2023-09-22T15:22:44Z,False
A047602,account,savings,320977.83,SunTrust Bank,active,2023-06-10T15:22:44Z,False
A047701,account,credit,-23470.59,Regions Bank,active,2023-03-06T15:22:44Z,True
A047702,account,savings,393694.17,Wells Fargo,active,2025-07-28T15:22:44Z,True
A047801,account,savings,182107.09,PNC Bank,active,2023-12-30T15:22:44Z,False
A047802,account,checking,23806.86,Fifth Third Bank,active,2025-02-20T15:22:44Z,False
A047901,account,credit,-22383.94,TD Bank,active,2023-09-02T15:22:44Z,False
A047902,account,credit,-7600.26,Citibank,active,2022-11-23T15:22:44Z,False
A048001,account,credit,-15593.93,Huntington Bank,active,2024-08-12T15:22:44Z,False
A048002,account,credit,-21404.49,TD Bank,active,2023-02-15T15:22:44Z,True
A048003,account,checking,47335.54,SunTrust Bank,active,2024-08-31T15:22:44Z,False
A048101,account,credit,-40143.41,Regions Bank,active,2024-09-24T15:22:44Z,False
A048201,account,checking,49103.62,Chase Bank,active,2024-04-04T15:22:44Z,False
A048301,account,credit,-27095.62,Wells Fargo,active,2024-09-12T15:22:44Z,False
A048302,account,savings,436147.97,SunTrust Bank,active,2025-08-08T15:22:44Z,False
A048303,account,savings,152052.52,Citibank,active,2023-02-04T15:22:44Z,False
A048401,account,checking,20419.03,PNC Bank,active,2025-04-05T15:22:44Z,False
A048402,account,credit,-36920.6,Citibank,active,2024-04-05T15:22:44Z,False
A048403,account,savings,456765.32,Regions Bank,active,2025-05-24T15:22:44Z,False
A048501,account,savings,77849.06,KeyBank,active,2024-12-19T15:22:44Z,False
A048601,account,checking,31587.05,PNC Bank,active,2023-06-06T15:22:44Z,False
A048602,account,credit,-43901.08,Fifth Third Bank,active,2025-03-29T15:22:44Z,False
A048701,account,savings,358772.61,Capital One,active,2024-09-24T15:22:44Z,False
A048801,account,savings,221815.65,BB&T,active,2025-08-12T15:22:44Z,True
A048802,account,savings,132367.54,BB&T,active,2024-01-07T15:22:44Z,False
A048901,account,credit,-8197.98,U.S. Bank,active,2023-12-12T15:22:44Z,False
A049001,account,credit,-37416.59,KeyBank,active,2025-03-06T15:22:44Z,True
A049002,account,savings,247467.6,Fifth Third Bank,active,2025-06-18T15:22:44Z,False
A049101,account,credit,-16090.22,Wells Fargo,active,2024-01-14T15:22:44Z,False
A049102,account,checking,22594.27,Fifth Third Bank,active,2023-05-11T15:22:44Z,False
A049201,account,checking,23300.75,TD Bank,active,2024-09-20T15:22:44Z,False
A049202,account,checking,23234.83,TD Bank,active,2024-05-12T15:22:44Z,False
A049301,account,checking,796.11,KeyBank,active,2023-05-04T15:22:44Z,False
A049401,account,savings,249163.9,Bank of America,active,2024-10-12T15:22:44Z,False
A049402,account,credit,-36116.52,Citibank,active,2024-04-07T15:22:44Z,False
A049501,account,credit,-26164.99,U.S. Bank,active,2025-03-27T15:22:44Z,False
A049502,account,checking,40200.74,Capital One,active,2024-04-03T15:22:44Z,True
A049503,account,checking,31612.28,PNC Bank,active,2023-11-12T15:22:44Z,False
A049504,account,credit,-28550.13,Wells Fargo,active,2023-12-14T15:22:44Z,False
A049601,account,savings,472343.8,Fifth Third Bank,active,2024-12-22T15:22:44Z,False
A049602,account,checking,31730.18,TD Bank,active,2023-06-05T15:22:44Z,False
A049701,account,credit,-38149.11,Huntington Bank,active,2024-12-06T15:22:44Z,False
A049702,account,checking,44538.8,PNC Bank,active,2024-03-13T15:22:44Z,False
A049703,account,checking,37534.6,SunTrust Bank,active,2024-09-23T15:22:44Z,True
A049801,account,checking,42403.86,Chase Bank,active,2024-04-20T15:22:44Z,False
A049802,account,credit,-49847.34,PNC Bank,active,2023-04-27T15:22:44Z,False
A049803,account,credit,-42693.99,U.S. Bank,active,2022-12-13T15:22:44Z,False
A049901,account,credit,-5761.42,BB&T,active,2023-05-23T15:22:44Z,False
A049902,account,savings,395563.94,Capital One,active,2023-09-01T15:22:44Z,False
A049903,account,savings,149790.33,Citibank,active,2025-03-24T15:22:44Z,False
A050001,account,checking,27807.69,SunTrust Bank,active,2024-05-21T15:22:44Z,False
A050002,account,savings,468514.59,TD Bank,active,2024-11-09T15:22:44Z,False
